XP_001727958.1,1.13.11.59
XP_001727974.1,3.4.23.25
XP_001727974.1,3.4.23.5
XP_001727998.2,3.1.4.11
XP_001728014.1,3.6.1.23
XP_001728015.2,2.7.1.35
XP_001728059.2,3.1.26.5
XP_001728061.1,5.2.1.8
XP_001728068.1,4.1.1.33
XP_001728070.2,1.14.18.1
XP_001728077.1,3.1.4.4
XP_001728095.2,2.7.7.53
XP_001728096.1,2.7.7.53
XP_001728128.1,2.1.1.181
XP_001728129.1,1.14.13.1
XP_001728130.2,1.1.1.283
XP_001728131.1,4.4.1.16
XP_001728131.1,4.4.1.36
XP_001728133.1,2.3.2.27
XP_001728134.1,1.14.13.8
XP_001728137.2,2.7.1.17
XP_001728169.2,3.2.1.58
XP_001728186.2,1.3.5.1
XP_001728187.1,1.6.5.5
XP_001728197.2,2.7.1.67
XP_001728199.2,3.5.3.11
XP_001728217.2,3.5.1.41
XP_001728263.1,1.14.18.1
XP_001728268.2,3.4.17.4
XP_001728299.2,3.1.13.4
XP_001728307.2,3.5.1.23
XP_001728310.2,1.1.2.3
XP_001728316.1,2.3.1.1
XP_001728316.1,2.3.1.35
XP_001728366.2,3.1.1.73
XP_001728373.1,2.3.2.5
XP_001728384.2,2.5.1.114
XP_001728391.2,3.1.31.1
XP_001728408.1,2.4.99.18
XP_001728416.2,2.7.7.87
XP_001728437.1,2.3.2.27
XP_001728458.2,2.7.11.1
XP_001728477.2,1.1.1.29
XP_001728480.2,2.3.1.48
XP_001728496.1,2.5.1.3
XP_001728496.1,2.7.1.50
XP_001728501.2,3.6.4.13
XP_001728521.2,3.6.4.13
XP_001728522.1,2.7.11.1
XP_001728530.2,2.7.4.3
XP_001728535.2,2.3.2.27
XP_001728537.1,1.1.1.31
XP_001728537.1,2.1.1.43
XP_001728538.1,5.3.1.6
XP_001728539.2,5.3.1.1
XP_001728540.2,1.14.11.27
XP_001728541.1,2.7.8.15
XP_001728551.2,3.1.3.37
XP_011392782.1,1.2.1.38
XP_011392782.1,2.7.2.8
XP_011392783.1,1.2.1.38
XP_011392783.1,2.7.2.8
XP_011392789.1,2.7.12.2
XP_011392790.1,2.7.12.2
XP_011392791.1,6.4.1.4
XP_011392792.1,6.4.1.4
XP_011392802.1,3.5.1.52
XP_011392803.1,3.5.1.52
XP_011392804.1,3.5.1.52
XP_011392805.1,3.5.1.52
XP_011392806.1,1.3.1.38
XP_011392807.1,1.3.1.38
XP_011392811.1,3.1.3.56
XP_011392811.1,6.5.1.4
XP_011392812.1,3.1.3.56
XP_011392812.1,6.5.1.4
XP_011392813.1,2.7.11.1
XP_011392814.1,2.7.11.1
XP_011392815.1,2.7.11.1
XP_011392822.1,5.2.1.8
XP_011392827.1,3.1.1.8
XP_011392828.1,3.1.1.8
XP_011392829.1,2.7.11.1
XP_011392830.1,2.7.11.1
XP_011392846.1,6.3.2.17
XP_011392847.1,6.3.2.17
XP_011392859.1,6.1.1.6
XP_011392860.1,6.1.1.6
XP_011392861.1,1.2.1.16
XP_011392861.1,1.2.1.20
XP_011392861.1,1.2.1.79
XP_011392862.1,1.2.1.16
XP_011392862.1,1.2.1.20
XP_011392862.1,1.2.1.79
XP_011392863.1,1.2.1.16
XP_011392863.1,1.2.1.20
XP_011392863.1,1.2.1.79
XP_011392865.1,1.3.5.1
XP_011392866.1,1.3.5.1
XP_011392869.1,1.5.1.15
XP_011392870.1,1.5.1.15
XP_011392895.1,2.4.1.109
XP_011392896.1,2.4.1.109
XP_011392906.1,3.1.3.99
XP_011392910.1,4.2.99.18
XP_011392911.1,4.2.99.18
XP_011392925.1,2.1.1.37
XP_011392934.1,2.7.7.79
XP_011392935.1,2.7.7.79
XP_011392938.1,3.1.1.45
XP_011392939.1,3.1.1.45
XP_011392940.1,1.1.1.250
XP_011392941.1,1.1.1.250
XP_011392950.1,3.2.1.14
XP_011392951.1,3.2.1.14
XP_011392956.1,2.3.3.1
XP_011392957.1,2.3.3.1
XP_011392958.1,2.3.3.1
XP_011392959.1,6.2.1.45
XP_011392960.1,6.2.1.45
XP_011392961.1,2.7.1.1
XP_011392962.1,2.7.1.1
XP_011392971.1,3.2.1.20
XP_011392972.1,3.2.1.20
XP_011392991.1,6.3.4.5
XP_011392992.1,6.3.4.5
XP_011392995.1,2.5.1.6
XP_011392996.1,2.5.1.6
XP_011393001.1,2.3.2.23
XP_011393002.1,2.3.2.23
XP_011393025.1,2.8.1.9
XP_011393027.1,5.1.3.15
XP_011393028.1,5.1.3.15
XP_011393056.1,2.4.2.19
XP_011393057.1,2.4.2.19
XP_011393058.1,1.15.1.1
XP_011393059.1,1.15.1.1
XP_011393066.1,3.6.4.12
XP_011393067.1,3.6.4.12
XP_011393092.1,3.5.1.5
XP_011393093.1,3.5.1.5
XP_011393097.1,3.5.4.34
XP_011393098.1,3.5.4.34
XP_011393104.1,2.7.1.32
XP_011393104.1,2.7.1.82
XP_011393105.1,2.7.1.32
XP_011393105.1,2.7.1.82
XP_011393106.1,2.7.1.32
XP_011393106.1,2.7.1.82
XP_011393107.1,2.7.11.1
XP_011393108.1,2.7.11.1
XP_011393109.1,2.7.11.1
XP_011393110.1,2.7.11.1
XP_011393111.1,3.4.21.61
XP_011393112.1,3.4.21.61
XP_011393113.1,3.4.21.61
XP_011393119.1,2.7.8.1
XP_011393120.1,2.7.8.1
XP_011393135.1,3.7.1.5
XP_011393136.1,3.7.1.5
XP_011393142.1,1.11.1.5
XP_011393143.1,1.11.1.5
XP_011393144.1,1.11.1.5
XP_011393152.1,3.2.1.58
XP_011393153.1,3.2.1.58
XP_011393160.1,3.6.4.12
XP_011393161.1,3.6.4.12
XP_011393166.1,3.5.4.1
XP_011393167.1,3.5.4.1
XP_011393168.1,3.5.4.1
XP_011393179.1,3.1.3.16
XP_011393180.1,3.1.3.16
XP_011393191.1,2.3.2.23
XP_011393192.1,2.7.11.1
XP_011393193.1,2.7.11.1
XP_011393196.1,4.6.1.1
XP_011393197.1,4.6.1.1
XP_011393198.1,3.4.19.12
XP_011393199.1,3.4.19.12
XP_011393200.1,3.1.3.16
XP_011393201.1,3.1.3.16
XP_011393202.1,3.1.3.16
XP_011393232.1,6.3.2.51
XP_011393233.1,6.3.2.51
XP_011393239.1,2.6.1.27
XP_011393239.1,2.6.1.39
XP_011393239.1,2.6.1.5
XP_011393239.1,2.6.1.57
XP_011393240.1,2.6.1.27
XP_011393240.1,2.6.1.39
XP_011393240.1,2.6.1.5
XP_011393240.1,2.6.1.57
XP_011393241.1,5.99.1.2
XP_011393242.1,5.99.1.2
XP_011393243.1,2.7.11.17
XP_011393244.1,2.7.11.17
XP_011393245.1,2.7.11.17
XP_011393247.1,4.6.1.13
XP_011393248.1,4.6.1.13
XP_011393251.1,1.14.18.1
XP_011393252.1,1.14.18.1
XP_011393253.1,2.7.11.1
XP_011393254.1,2.7.11.1
XP_011393255.1,2.7.11.1
XP_011393274.1,2.4.1.16
XP_011393275.1,2.4.1.16
XP_011393286.1,1.3.8.7
XP_011393287.1,1.3.8.7
XP_011393290.1,3.6.3.44
XP_011393291.1,3.6.3.44
XP_011393292.1,3.6.3.44
XP_011393298.1,2.3.3.9
XP_011393299.1,2.3.3.9
XP_011393302.1,4.2.1.11
XP_011393303.1,4.2.1.11
XP_011393304.1,2.7.11.1
XP_011393305.1,2.7.11.1
XP_011393313.1,3.2.1.52
XP_011393314.1,3.2.1.52
XP_011393363.1,4.3.1.18
XP_011393367.1,3.6.1.7
XP_011393384.1,1.3.3.15
XP_011393384.1,1.3.3.4
XP_011393385.1,1.3.3.15
XP_011393385.1,1.3.3.4
XP_011393386.1,1.3.3.15
XP_011393386.1,1.3.3.4
XP_011393403.1,3.1.11.2
XP_011393410.1,1.14.11.2
XP_011393423.1,1.1.1.352
XP_011393428.1,3.1.31.1
XP_011393454.1,2.7.1.173
XP_011393454.1,2.7.1.22
XP_011393455.1,2.7.1.173
XP_011393455.1,2.7.1.22
XP_011393468.1,2.1.1.320
XP_011393469.1,2.1.1.320
XP_011393491.1,2.7.1.105
XP_011393492.1,2.7.1.105
XP_011393499.1,1.4.1.13
XP_011393499.1,1.4.1.14
XP_011393500.1,1.4.1.13
XP_011393500.1,1.4.1.14
XP_011393501.1,1.1.1.1
XP_011393502.1,1.1.1.1
XP_011393503.1,3.1.26.3
XP_011393504.1,3.1.26.3
XP_011393507.1,5.4.99.45
XP_011393508.1,5.4.99.45
XP_011393522.1,3.6.4.12
XP_011393523.1,3.6.4.12
XP_011393526.1,1.8.1.7
XP_011393527.1,1.8.1.7
XP_011393529.1,2.3.2.27
XP_011393530.1,2.3.2.27
XP_011393552.1,6.2.1.45
XP_011393553.1,6.2.1.45
XP_011393570.1,2.1.1.290
XP_011393570.1,2.3.1.231
XP_011393571.1,2.1.1.290
XP_011393571.1,2.3.1.231
XP_011393574.1,6.3.1.20
XP_011393575.1,6.3.1.20
XP_011393576.1,6.3.1.20
XP_011393577.1,6.3.1.20
XP_011393580.1,2.4.1.18
XP_011393581.1,2.4.1.18
XP_011393585.1,2.3.2.26
XP_011393586.1,2.3.2.26
XP_011393589.1,2.3.3.8
XP_011393590.1,2.3.3.8
XP_011393594.1,2.3.2.27
XP_011393595.1,2.3.2.27
XP_011393604.1,2.6.1.1
XP_011393605.1,2.6.1.1
XP_011393608.1,3.4.14.9
XP_011393622.1,2.5.1.108
XP_011393623.1,2.5.1.108
XP_011393673.1,1.3.1.22
XP_011393673.1,3.6.4.12
XP_011393677.1,2.1.1.290
XP_011393677.1,2.3.1.231
XP_011393728.1,2.1.1.100
XP_011393729.1,2.1.1.100
XP_011393730.1,2.3.1.20
XP_011393730.1,2.3.1.75
XP_011393730.1,2.3.1.76
XP_011393731.1,2.3.1.20
XP_011393731.1,2.3.1.75
XP_011393731.1,2.3.1.76
XP_011393758.1,3.2.1.21
XP_011393759.1,3.2.1.21
XP_011393762.1,2.7.8.41
XP_011393763.1,2.7.8.41
XP_011393768.1,5.3.1.16
XP_011393769.1,5.3.1.16
XP_011393770.1,5.3.1.16
XP_011393773.1,3.4.13.9
XP_011393774.1,3.4.13.9
XP_011393777.1,2.6.1.13
XP_011393778.1,2.6.1.13
XP_011393782.1,4.1.1.48
XP_011393782.1,4.1.3.27
XP_011393782.1,5.3.1.24
XP_011393783.1,4.1.1.48
XP_011393783.1,4.1.3.27
XP_011393783.1,5.3.1.24
XP_011393785.1,1.14.11.2
XP_011393786.1,1.14.11.2
XP_011393801.1,3.4.19.16
XP_011393802.1,3.4.19.16
XP_011393813.1,3.4.19.12
XP_011393814.1,3.4.19.12
XP_011393815.1,3.4.19.12
XP_011393833.1,4.2.1.46
XP_011393834.1,4.2.1.46
XP_011393835.1,4.2.1.46
XP_011393836.1,4.2.1.51
XP_011393837.1,4.2.1.51
XP_011393840.1,3.4.11.18
XP_011393841.1,3.4.11.18
XP_011393854.1,1.3.1.13
XP_011393855.1,1.3.1.13
XP_011393856.1,3.1.11.2
XP_011393857.1,3.1.11.2
XP_011393859.1,3.1.4.17
XP_011393860.1,3.1.4.17
XP_011393881.1,6.3.2.3
XP_011393882.1,6.3.2.3
XP_011393887.1,1.1.1.37
XP_011393888.1,1.1.1.37
XP_011393899.1,2.7.1.160
XP_011393900.1,2.7.1.160
XP_011393903.1,2.7.7.50
XP_011393904.1,2.7.7.50
XP_011393912.1,5.2.1.8
XP_011393913.1,5.2.1.8
XP_011393916.1,3.4.25.1
XP_011393917.1,3.4.25.1
XP_011393932.1,3.6.4.12
XP_011393933.1,3.6.4.12
XP_011393934.1,5.4.99.12
XP_011393934.1,5.4.99.44
XP_011393935.1,5.4.99.12
XP_011393935.1,5.4.99.44
XP_011393936.1,2.3.2.27
XP_011393937.1,2.3.2.27
XP_011393943.1,1.1.1.169
XP_011393943.1,1.14.14.17
XP_011393944.1,1.1.1.169
XP_011393944.1,1.14.14.17
XP_011393949.1,2.7.1.49
XP_011393949.1,2.7.4.7
XP_011393949.1,3.5.99.2
XP_011393950.1,2.7.1.49
XP_011393950.1,2.7.4.7
XP_011393950.1,3.5.99.2
XP_011393976.1,3.1.3.1
XP_011393977.1,3.1.3.1
XP_011393978.1,3.1.3.1
XP_011393979.1,2.6.1.19
XP_011393979.1,2.6.1.22
XP_011393980.1,2.6.1.19
XP_011393980.1,2.6.1.22
XP_011393981.1,2.6.1.19
XP_011393981.1,2.6.1.22
XP_011393987.1,6.2.1.45
XP_011393988.1,6.2.1.45
XP_011393994.1,1.13.11.52
XP_011394000.1,3.1.3.64
XP_011394000.1,3.1.3.95
XP_011394001.1,3.1.3.64
XP_011394001.1,3.1.3.95
XP_011394002.1,3.4.13.9
XP_011394003.1,3.4.13.9
XP_011394037.1,1.5.1.3
XP_011394042.1,6.1.1.2
XP_011394081.1,1.97.1.4
XP_011394082.1,1.97.1.4
XP_011394085.1,2.7.7.52
XP_011394086.1,2.7.7.52
XP_011394102.1,3.6.4.13
XP_011394103.1,3.6.4.13
XP_011394112.1,6.3.1.2
XP_011394113.1,6.3.1.2
XP_011394120.1,1.1.1.22
XP_011394121.1,1.1.1.22
XP_011394125.1,2.8.3.13
XP_011394126.1,2.8.3.13
XP_011394159.1,2.7.1.140
XP_011394159.1,2.7.1.151
XP_011394159.1,2.7.1.78
XP_011394160.1,2.7.1.140
XP_011394160.1,2.7.1.151
XP_011394160.1,2.7.1.78
XP_011394166.1,4.2.2.2
XP_011394170.1,5.99.1.3
XP_011394171.1,5.99.1.3
XP_011394183.1,3.4.19.12
XP_011394184.1,3.4.19.12
XP_011394185.1,3.4.19.12
XP_011394190.1,1.14.18.9
XP_011394191.1,1.14.18.9
XP_011394205.1,2.7.6.1
XP_011394206.1,2.7.6.1
XP_011394217.1,2.4.2.29
XP_011394218.1,2.4.2.29
XP_011394235.1,2.3.1.86
XP_011394236.1,2.3.1.86
XP_011394237.1,2.3.1.86
XP_011394238.1,2.3.1.86
XP_011394246.1,5.3.1.6
XP_011394247.1,5.3.1.6
XP_011394254.1,2.3.1.1
XP_011394255.1,2.3.1.1
XP_011394270.1,6.3.5.5
XP_011394271.1,6.3.5.5
XP_011394274.1,3.3.1.1
XP_011394275.1,3.3.1.1
XP_011394278.1,2.7.1.91
XP_011394279.1,2.7.1.91
XP_011394285.1,2.2.1.6
XP_011394286.1,2.2.1.6
XP_011394317.1,2.7.1.31
XP_011394318.1,2.7.1.31
XP_011394325.1,2.10.1.1
XP_011394325.1,2.7.7.75
XP_011394326.1,2.10.1.1
XP_011394326.1,2.7.7.75
XP_011394339.1,2.7.11.1
XP_011394340.1,2.7.11.1
XP_011394341.1,2.7.11.1
XP_011394342.1,2.7.11.1
XP_011394343.1,2.7.11.1
XP_011394378.1,4.1.3.44
XP_011394379.1,4.1.3.44
XP_011394380.1,3.1.26.5
XP_011394421.1,2.4.1.256
XP_011394457.1,3.1.27.3
XP_011394458.1,3.1.27.3
XP_011394479.1,2.7.1.105
XP_011394479.1,3.1.3.46
XP_011394480.1,2.7.1.105
XP_011394480.1,3.1.3.46
XP_011394481.1,5.2.1.8
XP_011394482.1,5.2.1.8
XP_011394491.1,4.2.1.104
XP_011394492.1,4.2.1.104
XP_011394493.1,2.7.6.1
XP_011394494.1,2.7.6.1
XP_011394507.1,2.5.1.18
XP_011394508.1,2.5.1.18
XP_011394509.1,2.5.1.18
XP_011394515.1,3.4.22.68
XP_011394516.1,3.4.22.68
XP_011394517.1,3.4.22.68
XP_011394518.1,3.4.25.1
XP_011394519.1,3.4.25.1
XP_011394520.1,3.1.3.27
XP_011394521.1,3.1.3.27
XP_011394526.1,3.5.2.17
XP_011394527.1,3.5.2.17
XP_011394528.1,3.5.2.17
XP_011394532.1,2.4.2.9
XP_011394533.1,2.4.2.9
XP_011394534.1,2.4.2.9
XP_011394553.1,3.2.1.21
XP_011394554.1,3.2.1.21
XP_011394557.1,1.1.1.40
XP_011394558.1,1.1.1.40
XP_011394559.1,3.2.1.106
XP_011394560.1,3.2.1.106
XP_011394574.1,2.7.1.3
XP_011394575.1,2.7.1.3
XP_011394576.1,2.7.1.3
XP_011394577.1,3.1.2.6
XP_011394578.1,3.1.2.6
XP_011394579.1,3.1.2.6
XP_011394580.1,3.1.2.6
XP_011394581.1,3.1.2.6
XP_011394586.1,3.1.1.47
XP_011394586.1,3.1.1.5
XP_011394586.1,3.5.1.1
XP_011394587.1,3.1.1.47
XP_011394587.1,3.1.1.5
XP_011394587.1,3.5.1.1
XP_011394588.1,3.1.1.47
XP_011394588.1,3.1.1.5
XP_011394588.1,3.5.1.1
XP_011394589.1,3.1.1.47
XP_011394589.1,3.1.1.5
XP_011394589.1,3.5.1.1
XP_011394597.1,3.1.3.16
XP_011394598.1,3.1.3.16
XP_011394606.1,2.3.1.234
XP_011394607.1,2.3.1.234
XP_011394610.1,1.1.99.40
XP_011394610.1,2.7.11.1
XP_011394611.1,1.1.99.40
XP_011394611.1,2.7.11.1
XP_011394632.1,2.7.11.1
XP_011394632.1,2.7.11.26
XP_011394633.1,2.7.11.1
XP_011394633.1,2.7.11.26
XP_011394634.1,2.7.4.6
XP_011394640.1,4.1.3.38
XP_011394655.1,3.5.2.3
XP_011394656.1,3.5.2.3
XP_011394657.1,3.5.2.9
XP_011394658.1,3.5.2.9
XP_011394659.1,3.1.3.16
XP_011394660.1,3.1.3.16
XP_011394665.1,2.7.12.2
XP_011394666.1,2.7.12.2
XP_011394671.1,3.5.4.4
XP_011394672.1,3.5.4.4
XP_011394673.1,6.3.5.1
XP_011394674.1,6.3.5.1
XP_011394678.1,2.1.2.1
XP_011394679.1,2.1.2.1
XP_011394684.1,2.7.12.1
XP_011394685.1,2.7.12.1
XP_011394688.1,3.5.4.12
XP_011394689.1,3.5.4.12
XP_011394693.1,2.7.11.22
XP_011394693.1,2.7.11.23
XP_011394694.1,2.7.11.22
XP_011394694.1,2.7.11.23
XP_011394695.1,2.4.1.11
XP_011394696.1,2.4.1.11
XP_011394697.1,2.4.1.11
XP_011394698.1,2.4.1.11
XP_011394701.1,2.4.1.186
XP_011394702.1,2.4.1.186
XP_011394713.1,2.7.11.22
XP_011394713.1,2.7.11.23
XP_011394714.1,2.7.11.22
XP_011394714.1,2.7.11.23
XP_011394724.1,3.1.13.4
XP_011394725.1,3.1.13.4
XP_011394728.1,3.2.1.25
XP_011394728.1,4.1.2.13
XP_011394729.1,3.2.1.25
XP_011394729.1,4.1.2.13
XP_011394745.1,2.1.1.313
XP_011394745.1,3.6.4.12
XP_011394746.1,2.1.1.313
XP_011394746.1,3.6.4.12
XP_011394747.1,1.11.1.15
XP_011394748.1,1.11.1.15
XP_011394752.1,2.3.1.255
XP_011394753.1,2.3.1.255
XP_011394754.1,3.1.3.16
XP_011394755.1,3.1.3.16
XP_011394779.1,3.1.4.46
XP_011394780.1,3.1.4.46
XP_011394781.1,2.5.1.61
XP_011394782.1,2.5.1.61
XP_011394786.1,4.1.3.38
XP_011394787.1,4.1.3.38
XP_011394865.1,5.4.99.28
XP_011394866.1,5.4.99.28
XP_011394871.1,1.1.1.42
XP_011394872.1,1.1.1.42
XP_011394873.1,1.1.1.42
XP_011394874.1,3.1.1.3
XP_011394875.1,3.1.1.3
XP_011394878.1,1.5.1.5
XP_011394878.1,3.5.4.9
XP_011394878.1,6.3.4.3
XP_011394879.1,1.5.1.5
XP_011394879.1,3.5.4.9
XP_011394879.1,6.3.4.3
XP_011394882.1,2.7.11.1
XP_011394883.1,2.7.11.1
XP_011394884.1,2.7.11.1
XP_011394897.1,2.7.11.1
XP_011394898.1,2.7.11.1
XP_011394899.1,1.2.1.3
XP_011394899.1,1.2.1.5
XP_011394899.1,1.2.1.82
XP_011394900.1,1.2.1.3
XP_011394900.1,1.2.1.5
XP_011394900.1,1.2.1.82
XP_011394905.1,3.6.4.12
XP_011394906.1,3.6.4.12
XP_011394907.1,1.5.3.1
XP_011394907.1,1.5.3.7
XP_011394908.1,1.5.3.1
XP_011394908.1,1.5.3.7
XP_011394926.1,1.1.1.2
XP_011394927.1,1.1.1.2
XP_011394931.1,3.4.11.10
XP_011394932.1,1.14.13.78
XP_011394933.1,1.6.5.3
XP_011394933.1,1.6.99.3
XP_011394934.1,1.6.5.3
XP_011394934.1,1.6.99.3
XP_011394953.1,2.3.3.14
XP_011394954.1,2.3.3.14
XP_011394955.1,2.3.3.14
XP_011394956.1,3.1.4.37
XP_011394957.1,3.1.4.37
XP_011394977.1,3.1.3.4
XP_011394977.1,3.1.3.81
XP_011394978.1,3.1.3.4
XP_011394978.1,3.1.3.81
XP_011394992.1,3.2.1.59
XP_011394993.1,3.2.1.59
XP_011395004.1,1.14.13.195
XP_011395004.1,1.14.13.196
XP_011395005.1,1.14.13.195
XP_011395005.1,1.14.13.196
XP_011395014.1,2.3.2.26
XP_011395015.1,2.3.2.26
XP_011395016.1,2.3.2.26
XP_011395017.1,2.3.2.26
XP_011395022.1,3.1.1.11
XP_011395023.1,3.1.1.11
XP_011395030.1,1.3.1.71
XP_011395031.1,1.3.1.71
XP_011395035.1,2.7.4.14
XP_011395069.1,3.4.11.10
XP_011395074.1,3.6.1.43
XP_011395074.1,5.4.99.28
XP_011395084.1,3.1.4.54
XP_011395087.1,3.2.1.59
XP_011395093.1,2.4.1.141
XP_011395094.1,2.4.1.141
XP_011395109.1,4.1.1.1
XP_011395110.1,4.1.1.1
XP_011395111.1,2.7.11.25
XP_011395112.1,2.7.11.25
XP_011395113.1,3.2.1.113
XP_011395114.1,3.2.1.113
XP_011395130.1,3.1.1.29
XP_011395140.1,3.5.3.1
XP_011395141.1,3.5.3.1
XP_011395154.1,3.5.1.49
XP_011395155.1,3.5.1.49
XP_011395156.1,6.1.1.3
XP_011395157.1,6.1.1.3
XP_011395158.1,6.1.1.3
XP_011395159.1,3.1.1.97
XP_011395160.1,3.1.1.97
XP_011395161.1,2.7.11.24
XP_011395162.1,2.7.11.24
XP_011395174.1,3.6.1.3
XP_011395175.1,3.6.1.3
XP_011395178.1,2.1.1.260
XP_011395179.1,2.1.1.260
XP_011395180.1,2.3.2.27
XP_011395181.1,2.3.2.27
XP_011395184.1,4.3.1.19
XP_011395185.1,4.3.1.19
XP_011395187.1,2.7.7.7
XP_011395188.1,2.7.7.7
XP_011395205.1,2.1.2.1
XP_011395206.1,2.1.2.1
XP_011395224.1,2.5.1.21
XP_011395225.1,2.5.1.21
XP_011395230.1,2.7.1.40
XP_011395231.1,2.7.1.40
XP_011395267.1,1.7.1.1
XP_011395267.1,1.7.1.2
XP_011395267.1,1.7.1.3
XP_011395267.1,1.8.3.1
XP_011395268.1,1.7.1.1
XP_011395268.1,1.7.1.2
XP_011395268.1,1.7.1.3
XP_011395268.1,1.8.3.1
XP_011395281.1,3.2.1.165
XP_011395282.1,3.2.1.165
XP_011395287.1,3.1.3.16
XP_011395288.1,3.1.3.16
XP_011395289.1,2.4.1.173
XP_011395290.1,2.4.1.173
XP_011395291.1,2.4.1.173
XP_011395292.1,1.1.1.252
XP_011395293.1,1.1.1.252
XP_011395300.1,1.15.1.1
XP_011395301.1,1.15.1.1
XP_011395308.1,1.14.14.5
XP_011395309.1,1.14.14.5
XP_011395310.1,1.14.14.5
XP_011395327.1,3.2.1.14
XP_011395328.1,3.2.1.14
XP_011395336.1,2.7.11.1
XP_011395337.1,2.7.11.1
XP_011395352.1,2.3.1.97
XP_011395353.1,2.3.1.97
XP_011395357.1,2.10.1.1
XP_011395402.1,3.2.1.65
XP_955789.2,4.1.99.22
XP_955789.2,4.6.1.17
XP_955799.1,2.3.1.179
XP_955806.1,1.13.11.1
XP_955817.3,3.2.1.8
XP_955827.1,2.7.1.67
XP_955840.1,2.4.1.132
XP_955840.1,2.4.1.257
XP_955845.1,3.4.19.12
XP_955860.2,4.3.2.3
XP_955863.1,5.2.1.8
XP_955875.1,2.4.2.10
XP_955875.1,4.1.1.23
XP_955879.1,1.14.18.6
XP_955882.1,3.1.3.16
XP_955882.1,3.1.3.43
XP_955907.2,6.1.1.15
XP_955910.1,1.6.99.1
XP_955912.1,2.4.1.259
XP_955912.1,2.4.1.261
XP_955918.1,2.6.1.44
XP_955918.1,2.6.1.45
XP_955918.1,2.6.1.51
XP_955920.2,2.7.13.3
XP_955931.1,2.4.1.259
XP_955931.1,2.4.1.261
XP_955939.3,2.7.7.7
XP_955945.2,3.2.1.14
XP_955958.2,2.7.6.1
XP_955963.1,2.7.4.3
XP_955965.3,6.1.1.11
XP_955989.1,2.6.1.52
XP_955993.1,3.1.3.16
XP_955994.2,3.1.26.5
XP_955995.3,2.7.11.22
XP_955995.3,2.7.11.23
XP_955999.1,1.1.1.399
XP_955999.1,1.1.1.95
XP_956000.1,1.1.1.25
XP_956000.1,2.5.1.19
XP_956000.1,2.7.1.71
XP_956000.1,4.2.1.10
XP_956000.1,4.2.3.4
XP_956004.2,2.5.1.18
XP_956006.2,2.7.7.6
XP_956010.3,2.7.11.1
XP_956011.3,2.7.11.1
XP_956014.1,6.1.1.5
XP_956051.1,2.5.1.87
XP_956052.2,2.5.1.87
XP_956060.1,3.4.24.39
XP_956067.3,2.1.1.77
XP_956076.1,2.3.1.225
XP_956088.1,3.5.1.4
XP_956089.2,1.3.1.105
XP_956093.1,3.4.13.9
XP_956104.1,3.2.1.21
XP_956109.2,1.14.99.54
XP_956111.1,1.3.1.70
XP_956116.2,2.7.11.1
XP_956141.2,1.8.5.7
XP_956143.2,6.2.1.45
XP_956144.2,5.2.1.8
XP_956154.2,3.1.3.16
XP_956161.2,2.3.1.12
XP_956165.3,3.4.19.12
XP_956166.2,3.4.24.56
XP_956182.1,3.2.1.4
XP_956207.3,6.3.4.19
XP_956208.1,2.5.1.60
XP_956234.1,1.11.1.6
XP_956249.2,1.3.3.3
XP_956253.3,2.7.4.3
XP_956256.1,2.5.1.39
XP_956266.1,2.1.1.319
XP_956270.2,2.4.1.109
XP_956274.3,2.5.1.47
XP_956274.3,2.5.1.49
XP_956276.2,6.2.1.3
XP_956297.1,1.3.1.93
XP_956298.1,3.6.4.13
XP_956307.1,2.3.1.176
XP_956320.3,2.7.1.15
XP_956324.3,1.14.99.51
XP_956324.3,2.1.1.44
XP_956331.3,2.4.1.16
XP_956333.2,2.4.1.16
XP_956345.1,4.1.2.53
XP_956349.1,2.4.1.15
XP_956349.1,3.1.3.12
XP_956354.1,3.6.3.7
XP_956375.3,1.3.1.88
XP_956391.3,5.99.1.2
XP_956396.2,3.1.2.12
XP_956400.1,6.3.3.1
XP_956400.1,6.3.4.13
XP_956404.1,5.2.1.8
XP_956406.1,1.3.3.15
XP_956406.1,1.3.3.4
XP_956410.1,4.1.3.30
XP_956411.2,2.7.11.1
XP_956423.2,3.1.3.16
XP_956423.2,3.1.3.48
XP_956431.1,3.2.1.4
XP_956437.1,3.2.1.172
XP_956442.2,3.1.3.48
XP_956453.1,2.4.1.141
XP_956456.2,2.6.1.7
XP_956459.2,1.17.1.4
XP_956459.2,1.17.3.2
XP_956467.2,1.1.1.283
XP_956481.2,2.3.2.8
XP_956482.1,3.6.1.52
XP_956494.1,3.5.3.4
XP_956494.1,4.3.2.3
XP_956522.2,2.3.1.7
XP_956523.3,3.6.4.13
XP_956536.3,3.6.4.12
XP_956553.1,2.7.7.15
XP_956564.1,2.8.1.6
XP_956571.3,2.7.7.6
XP_956576.3,2.3.1.26
XP_956579.2,2.1.1.168
XP_956581.1,3.2.1.91
XP_956590.1,3.4.22.49
XP_956591.1,1.1.99.18
XP_956601.1,1.6.2.2
XP_956614.1,1.13.11.27
XP_956631.1,5.1.3.2
XP_956649.1,4.1.2.22
XP_956649.1,4.1.2.9
XP_956652.1,3.6.3.8
XP_956657.1,3.1.1.72
XP_956660.1,1.13.11.53
XP_956660.1,1.13.11.54
XP_956666.3,1.6.99.3
XP_956676.2,2.4.1.265
XP_956677.2,2.4.1.265
XP_956681.1,2.3.1.51
XP_956690.1,3.1.26.11
XP_956692.2,3.6.4.12
XP_956698.1,3.1.3.16
XP_956702.3,3.5.4.4
XP_956711.1,4.2.3.1
XP_956712.1,3.1.3.16
XP_956712.1,3.1.3.48
XP_956722.1,3.1.3.16
XP_956765.2,6.2.1.16
XP_956766.1,2.3.1.50
XP_956780.2,1.4.1.2
XP_956782.2,3.7.1.3
XP_956785.3,6.1.1.17
XP_956796.1,3.4.16.5
XP_956802.1,2.7.11.1
XP_956802.1,2.7.11.17
XP_956804.3,1.1.1.178
XP_956804.3,1.1.1.35
XP_956818.1,1.17.4.1
XP_956825.1,2.7.4.21
XP_956827.1,3.6.4.13
XP_956828.2,2.7.1.174
XP_956834.1,3.6.4.6
XP_956862.1,1.2.1.3
XP_956862.1,1.2.1.5
XP_956872.1,2.2.1.6
XP_956873.3,2.1.3.3
XP_956875.2,2.1.1.319
XP_956886.1,3.6.3.6
XP_956898.1,2.3.3.1
XP_956911.1,2.1.1.229
XP_956915.1,3.6.4.13
XP_956921.2,1.1.1.156
XP_956924.1,3.4.21.89
XP_956930.1,3.4.21.89
XP_956947.1,2.7.11.1
XP_956950.3,3.1.1.29
XP_956961.1,6.1.1.20
XP_956966.2,3.2.1.3
XP_956974.3,3.5.1.98
XP_956977.1,1.2.1.12
XP_956995.1,2.3.1.24
XP_957029.1,2.7.7.12
XP_957031.1,1.1.1.330
XP_957031.1,1.1.1.62
XP_957035.2,4.2.1.69
XP_957043.1,1.8.3.1
XP_957048.1,3.4.11.10
XP_957050.1,3.6.4.7
XP_957052.1,3.1.3.37
XP_957063.1,3.1.1.72
XP_957064.3,3.2.1.21
XP_957069.2,3.2.1.14
XP_957079.1,2.5.1.48
XP_957081.1,6.1.1.20
XP_957084.2,4.1.1.65
XP_957090.1,3.2.1.91
XP_957106.3,2.7.7.6
XP_957115.2,4.1.3.27
XP_957121.1,6.5.1.1
XP_957121.1,6.5.1.6
XP_957121.1,6.5.1.7
XP_957122.1,1.2.4.1
XP_957126.2,2.7.11.1
XP_957126.2,2.7.11.17
XP_957152.1,2.1.1.14
XP_957170.1,3.1.4.46
XP_957176.3,2.3.2.2
XP_957176.3,3.4.19.13
XP_957182.1,1.1.1.358
XP_957188.3,1.6.5.3
XP_957188.3,1.6.99.3
XP_957190.3,3.1.3.43
XP_957195.1,2.7.7.6
XP_957210.2,3.2.1.101
XP_957211.1,3.1.1.31
XP_957212.1,3.1.3.41
XP_957230.2,2.7.2.11
XP_957232.2,2.7.11.1
XP_957236.2,3.4.11.9
XP_957238.2,6.1.1.2
XP_957246.2,3.4.11.21
XP_957255.1,2.7.1.24
XP_957264.2,1.2.1.3
XP_957264.2,1.2.1.5
XP_957273.3,1.3.1.22
XP_957273.3,1.3.1.94
XP_957291.2,6.1.1.14
XP_957292.1,2.7.11.1
XP_957293.1,2.7.11.1
XP_957300.2,2.7.1.20
XP_957309.1,3.6.4.13
XP_957310.3,2.7.12.2
XP_957319.1,5.4.99.27
XP_957327.3,3.1.1.3
XP_957328.2,2.3.2.27
XP_957329.1,3.6.4.12
XP_957332.1,1.1.99.40
XP_957339.1,4.2.1.17
XP_957343.1,2.5.1.47
XP_957348.1,6.1.1.22
XP_957351.2,3.1.3.2
XP_957356.3,1.14.18.5
XP_957362.2,1.5.1.2
XP_957363.1,2.3.1.48
XP_957381.1,3.5.4.12
XP_957390.1,5.3.1.8
XP_957401.1,2.1.4.1
XP_957404.2,5.2.1.8
XP_957413.1,3.5.4.25
XP_957415.2,3.2.1.91
XP_957446.1,2.7.13.3
XP_957450.3,3.2.1.8
XP_957457.1,6.2.1.3
XP_957462.1,4.2.1.33
XP_957472.1,3.2.1.75
XP_957477.1,2.7.1.28
XP_957477.1,2.7.1.29
XP_957477.1,4.6.1.15
XP_957478.1,4.1.2.13
XP_957479.2,1.1.1.31
XP_957479.2,2.1.1.43
XP_957484.1,2.1.1.214
XP_957485.2,3.1.26.5
XP_957487.1,6.5.1.3
XP_957488.1,2.4.2.18
XP_957503.3,2.7.11.22
XP_957505.3,2.1.1.233
XP_957516.1,3.6.4.13
XP_957519.1,5.1.3.2
XP_957519.1,5.1.3.3
XP_957520.2,1.6.5.5
XP_957530.2,1.8.4.12
XP_957532.1,1.1.1.289
XP_957552.1,1.2.4.4
XP_957553.1,3.2.1.58
XP_957561.1,2.3.3.10
XP_957568.1,6.2.1.3
XP_957574.1,1.1.1.3
XP_957575.1,2.1.1.33
XP_957586.3,2.3.2.26
XP_957588.1,1.13.12.16
XP_957592.1,1.6.5.3
XP_957592.1,1.6.99.3
XP_957594.3,3.1.4.4
XP_957602.1,2.4.2.28
XP_957603.1,2.3.1.225
XP_957609.1,2.7.1.26
XP_957610.1,2.1.1.56
XP_957612.2,2.6.1.2
XP_957623.1,3.6.4.7
XP_957625.1,2.3.1.39
XP_957629.2,3.4.19.12
XP_957634.1,2.7.7.1
XP_957634.1,2.7.7.18
XP_957635.1,6.1.1.6
XP_957642.2,3.2.1.4
XP_957647.1,1.6.99.1
XP_957655.1,2.1.1.205
XP_957656.1,3.6.4.13
XP_957659.1,1.6.5.3
XP_957659.1,1.6.99.3
XP_957663.2,3.5.4.4
XP_957684.2,3.1.3.7
XP_957686.1,5.5.1.5
XP_957687.1,1.13.11.1
XP_957688.3,2.3.2.27
XP_957689.1,1.6.5.3
XP_957689.1,1.6.99.3
XP_957692.1,1.8.1.2
XP_957693.2,1.1.99.24
XP_957701.3,2.7.12.1
XP_957703.2,3.1.26.11
XP_957704.2,3.2.1.181
XP_957708.3,3.1.4.17
XP_957731.1,1.1.1.2
XP_957732.2,6.3.4.2
XP_957740.1,2.1.1.43
XP_957745.3,2.7.11.1
XP_957746.1,2.3.2.27
XP_957747.2,2.7.7.7
XP_957764.2,3.6.1.22
XP_957770.1,5.3.3.8
XP_957773.3,1.1.1.102
XP_957773.3,1.1.1.56
XP_957779.1,2.1.1.311
XP_957781.1,6.3.3.1
XP_957781.1,6.3.4.13
XP_957790.1,3.1.26.5
XP_957817.2,5.3.3.5
XP_957821.1,3.1.3.76
XP_957821.1,3.3.2.10
XP_957823.1,3.6.3.1
XP_957826.1,1.11.1.6
XP_957829.2,2.7.1.158
XP_957838.1,4.1.2.54
XP_957863.3,2.7.11.1
XP_957876.3,3.4.19.12
XP_957887.3,2.5.1.15
XP_957887.3,2.7.6.3
XP_957887.3,4.1.2.25
XP_957892.2,3.4.11.26
XP_957907.1,3.4.25.1
XP_957919.2,1.11.1.9
XP_957924.2,3.2.1.14
XP_957931.2,3.2.1.101
XP_957939.2,1.14.12.17
XP_957939.2,2.7.11.22
XP_957941.1,2.1.1.45
XP_957953.2,2.3.2.23
XP_957955.2,2.1.2.11
XP_957961.3,4.2.99.18
XP_957967.2,3.1.4.46
XP_957979.1,2.3.1.50
XP_957980.1,2.4.1.34
XP_957990.1,1.1.2.3
XP_957993.1,3.4.25.1
XP_957994.3,2.6.1.16
XP_958006.1,2.1.1.313
XP_958022.2,1.8.4.11
XP_958024.2,1.14.18.1
XP_958032.1,3.2.1.73
XP_958039.1,3.1.3.2
XP_958039.1,3.1.3.48
XP_958040.2,2.7.11.24
XP_958042.2,4.1.1.52
XP_958045.3,3.4.19.12
XP_958068.3,2.1.1.14
XP_958075.3,6.1.1.22
XP_958094.1,3.1.1.86
XP_958108.1,3.4.24.39
XP_958128.2,1.4.3.4
XP_958142.2,3.4.25.1
XP_958143.1,1.8.3.2
XP_958152.2,2.3.2.5
XP_958165.1,2.4.1.321
XP_958179.2,3.2.1.23
XP_958186.3,2.7.7.7
XP_958188.1,1.14.13.1
XP_958193.1,2.7.1.86
XP_958194.1,1.16.3.1
XP_958196.1,3.6.4.13
XP_958197.1,2.4.1.198
XP_958209.2,3.2.1.37
XP_958234.1,1.1.99.18
XP_958235.1,3.2.1.8
XP_958250.2,1.14.19.20
XP_958254.1,1.14.99.54
XP_958272.1,3.1.1.23
XP_958274.1,2.7.11.1
XP_958274.1,2.7.11.22
XP_958279.2,3.4.21.92
XP_958280.1,4.2.1.9
XP_958288.3,2.7.7.7
XP_958302.1,3.6.4.12
XP_958310.1,3.5.1.10
XP_958315.3,3.6.4.12
XP_958320.3,1.1.1.363
XP_958320.3,1.1.1.49
XP_958331.1,3.2.1.139
XP_958354.1,3.1.2.1
XP_958359.1,3.2.1.55
XP_958364.1,2.3.2.27
XP_958368.1,1.14.99.54
XP_958379.1,2.5.1.43
XP_958407.1,3.6.3.8
XP_958408.1,1.1.1.37
XP_958412.2,3.4.14.9
XP_958450.2,5.4.3.8
XP_958466.1,2.1.1.229
XP_958483.1,2.7.11.1
XP_958486.1,1.1.1.65
XP_958488.1,3.2.1.24
XP_958500.2,3.2.1.20
XP_958505.2,3.5.1.89
XP_958548.3,6.1.1.1
XP_958562.1,4.2.1.18
XP_958569.1,3.2.1.155
XP_958570.3,3.2.1.23
XP_958583.1,1.14.99.54
XP_958595.2,3.6.3.44
XP_958604.1,3.1.13.4
XP_958617.3,6.1.1.15
XP_958620.2,2.7.1.25
XP_958621.1,2.7.1.25
XP_958630.1,4.1.3.16
XP_958631.3,1.14.18.1
XP_958633.1,3.4.16.6
XP_958635.3,2.1.1.114
XP_958635.3,2.1.1.222
XP_958635.3,2.1.1.64
XP_958636.1,4.1.99.12
XP_958637.2,3.2.2.23
XP_958637.2,4.2.99.18
XP_958638.1,2.3.1.15
XP_958638.1,2.3.1.42
XP_958665.3,2.7.11.1
XP_958694.1,2.7.4.9
XP_958695.3,3.5.4.16
XP_958709.1,2.7.7.41
XP_958712.1,2.3.1.16
XP_958718.1,3.2.1.37
XP_958722.2,3.1.1.45
XP_958725.1,3.1.3.5
XP_958729.1,3.1.1.72
XP_958730.1,3.1.1.72
XP_958734.1,4.3.1.24
XP_958749.1,1.4.3.21
XP_958750.1,2.3.1.51
XP_958750.1,3.1.1.13
XP_958750.1,3.1.1.3
XP_958750.1,3.1.1.4
XP_958757.1,3.4.13.19
XP_958764.1,1.5.1.20
XP_958767.1,3.1.1.47
XP_958772.1,1.1.1.157
XP_958781.1,2.7.7.13
XP_958786.1,3.4.25.1
XP_958799.1,1.1.1.270
XP_958807.2,2.5.1.58
XP_958811.1,2.7.7.13
XP_958813.3,2.7.1.30
XP_958826.3,6.1.1.20
XP_958832.1,6.1.1.17
XP_958834.2,2.5.1.75
XP_958836.1,4.2.1.36
XP_958858.1,2.7.13.3
XP_958871.1,2.7.11.1
XP_958879.1,1.15.1.1
XP_958892.1,1.5.3.14
XP_958892.1,1.5.3.16
XP_958894.2,2.3.2.25
XP_958913.1,1.1.1.65
XP_958926.1,2.7.1.105
XP_958926.1,3.1.3.46
XP_958928.1,3.6.4.13
XP_958941.1,3.2.1.164
XP_958944.1,5.1.3.3
XP_958945.3,6.5.1.1
XP_958945.3,6.5.1.6
XP_958945.3,6.5.1.7
XP_958949.2,1.8.3.5
XP_958949.2,1.8.3.6
XP_958950.1,2.1.1.221
XP_958954.1,2.4.1.15
XP_958954.1,2.4.1.347
XP_958957.2,3.5.1.26
XP_958971.1,1.1.99.1
XP_958972.1,6.3.5.6
XP_958972.1,6.3.5.7
XP_958973.1,3.1.1.73
XP_958975.2,3.2.1.113
XP_958981.2,4.2.1.90
XP_958982.3,1.1.1.173
XP_958982.3,1.1.1.377
XP_958982.3,1.1.1.378
XP_958988.2,1.1.1.289
XP_959008.1,1.6.5.9
XP_959010.3,4.6.1.13
XP_959011.2,2.7.7.19
XP_959013.1,4.2.1.134
XP_959036.3,3.2.1.58
XP_959044.2,3.6.3.4
XP_959059.2,3.6.3.44
XP_959063.1,5.3.1.1
XP_959069.3,3.6.4.13
XP_959085.1,3.2.1.39
XP_959093.1,3.7.1.3
XP_959111.2,3.2.1.4
XP_959111.2,3.2.1.91
XP_959116.1,4.4.1.36
XP_959127.1,3.1.1.72
XP_959136.1,2.7.8.11
XP_959153.3,1.1.3.9
XP_959155.2,3.6.4.13
XP_959167.1,5.3.4.1
XP_959176.1,2.3.2.27
XP_959179.1,2.8.1.7
XP_959189.1,3.1.3.41
XP_959190.1,2.1.1.268
XP_959197.3,2.4.2.29
XP_959200.2,3.5.99.7
XP_959217.2,3.2.1.20
XP_959219.3,2.5.1.18
XP_959223.2,3.6.1.17
XP_959227.1,1.11.1.15
XP_959228.1,2.8.3.5
XP_959229.2,2.3.2.31
XP_959236.1,2.7.7.6
XP_959252.1,1.1.1.100
XP_959261.2,6.1.1.21
XP_959270.1,3.4.11.18
XP_959271.3,1.14.13.9
XP_959279.1,3.2.1.8
XP_959285.3,6.1.1.19
XP_959306.1,4.2.1.22
XP_959308.3,2.3.1.225
XP_959318.1,1.1.1.22
XP_959371.1,1.1.1.156
XP_959386.1,1.1.99.1
XP_959388.1,1.6.5.5
XP_959392.2,2.7.6.2
XP_959400.1,3.2.1.21
XP_959401.1,3.4.23.18
XP_959417.2,3.4.19.12
XP_959418.1,2.8.1.1
XP_959418.1,2.8.1.2
XP_959431.1,3.2.1.101
XP_959435.2,2.5.1.48
XP_959443.1,2.3.1.61
XP_959445.3,4.4.1.17
XP_959454.1,4.2.1.2
XP_959465.2,3.2.1.55
XP_959484.3,2.4.1.231
XP_959492.2,3.1.3.7
XP_959499.1,1.14.99.54
XP_959499.1,1.14.99.56
XP_959501.2,2.3.2.27
XP_959510.3,5.2.1.8
XP_959521.1,2.7.11.1
XP_959522.1,2.3.2.27
XP_959528.1,1.14.19.22
XP_959528.1,1.14.19.6
XP_959535.2,1.8.1.4
XP_959536.3,1.14.19.18
XP_959556.3,2.8.3.5
XP_959558.3,3.6.3.7
XP_959562.3,2.7.1.78
XP_959562.3,3.1.3.32
XP_959564.2,3.1.3.1
XP_959592.1,3.4.23.34
XP_959598.1,2.3.1.158
XP_959599.2,2.3.1.256
XP_959610.2,3.2.1.14
XP_959612.1,3.1.3.25
XP_959613.1,4.2.1.10
XP_959614.1,1.13.11.27
XP_959615.3,1.1.1.24
XP_959619.1,2.7.7.3
XP_959627.2,2.3.1.257
XP_959639.1,5.3.1.23
XP_959640.1,3.5.1.16
XP_959641.1,2.5.1.59
XP_959644.1,2.1.1.221
XP_959650.1,3.1.3.16
XP_959650.1,3.1.3.48
XP_959654.1,4.3.2.1
XP_959666.2,2.3.2.27
XP_959669.2,1.1.2.4
XP_959670.1,3.2.1.101
XP_959674.1,3.2.1.1
XP_959675.3,2.4.1.183
XP_959676.3,4.2.1.1
XP_959681.3,1.8.5.7
XP_959690.1,1.1.1.300
XP_959690.1,1.3.1.33
XP_959715.1,4.2.1.75
XP_959716.1,1.8.3.2
XP_959717.3,4.1.1.1
XP_959722.2,3.6.4.13
XP_959725.2,3.1.26.4
XP_959727.1,1.13.11.52
XP_959732.2,3.5.1.6
XP_959737.2,1.14.18.1
XP_959745.1,1.11.1.21
XP_959748.1,5.3.1.8
XP_959751.3,6.3.5.2
XP_959787.1,4.2.1.3
XP_959790.3,3.2.1.15
XP_959790.3,3.2.1.67
XP_959796.2,3.4.19.12
XP_959802.2,2.7.8.8
XP_959814.1,1.6.2.2
XP_959844.1,3.5.4.3
XP_959849.1,1.13.11.60
XP_959849.1,1.13.11.62
XP_959849.1,1.14.99.1
XP_959849.1,5.4.4.6
XP_959852.1,3.6.4.13
XP_959864.3,3.2.1.1
XP_959879.1,1.14.14.5
XP_959891.1,2.1.1.37
XP_959893.1,2.3.1.48
XP_959896.1,5.4.2.12
XP_959901.3,3.1.3.48
XP_959917.1,3.4.23.25
XP_959918.1,2.1.2.1
XP_959925.2,3.4.19.12
XP_959927.3,2.7.11.17
XP_959933.2,2.3.2.23
XP_959935.1,1.3.8.6
XP_959939.2,2.7.1.68
XP_959940.1,3.5.2.5
XP_959946.2,4.1.1.65
XP_959949.1,2.5.1.82
XP_959949.1,2.5.1.83
XP_959974.1,4.1.1.15
XP_959985.1,4.1.2.22
XP_959985.1,4.1.2.9
XP_959999.1,1.7.1.14
XP_960003.2,2.5.1.141
XP_960004.2,2.2.1.2
XP_960011.3,3.6.4.13
XP_960015.3,1.14.13.22
XP_960037.1,3.4.19.12
XP_960040.1,2.5.1.18
XP_960042.1,3.6.4.13
XP_960062.1,3.6.4.13
XP_960096.2,3.2.1.113
XP_960117.1,2.7.11.22
XP_960118.3,3.5.1.4
XP_960118.3,4.2.99.18
XP_960135.1,1.2.1.3
XP_960142.1,2.1.1.137
XP_960144.2,1.14.13.1
XP_960152.1,1.6.5.3
XP_960152.1,1.6.99.3
XP_960155.2,4.1.1.49
XP_960160.2,4.2.1.66
XP_960162.1,2.1.1.17
XP_960162.1,2.1.1.71
XP_960168.1,3.4.19.5
XP_960168.1,3.5.1.1
XP_960176.1,3.4.24.79
XP_960179.1,2.1.1.201
XP_960181.2,1.2.4.4
XP_960187.1,6.3.4.4
XP_960191.2,3.6.4.12
XP_960203.3,6.1.1.16
XP_960204.1,1.14.13.1
XP_960214.1,4.2.1.1
XP_960217.1,1.5.5.1
XP_960224.2,2.1.1.1
XP_960227.1,4.2.1.1
XP_960231.3,2.3.1.48
XP_960255.2,1.14.13.1
XP_960273.1,1.8.5.8
XP_960280.3,2.7.11.1
XP_960287.2,2.6.1.42
XP_960313.1,3.2.1.8
XP_960327.3,2.7.11.1
XP_960329.2,4.2.1.146
XP_960329.2,4.2.1.68
XP_960332.1,3.2.1.113
XP_960335.1,3.6.4.13
XP_960341.1,3.2.1.6
XP_960347.1,6.1.1.12
XP_960355.3,1.7.1.4
XP_960356.3,3.5.1.23
XP_960360.1,3.5.1.25
XP_960361.3,3.2.1.52
XP_960362.3,3.5.99.6
XP_960363.1,2.7.1.1
XP_960368.3,3.6.4.12
XP_960371.2,3.6.3.8
XP_960379.1,4.1.3.16
XP_960391.1,1.1.1.169
XP_960409.2,3.2.1.58
XP_960422.1,2.3.1.16
XP_960423.1,3.1.3.11
XP_960426.3,2.3.2.26
XP_960441.2,4.4.1.5
XP_960461.1,1.13.11.5
XP_960478.1,6.3.4.10
XP_960478.1,6.3.4.11
XP_960478.1,6.3.4.15
XP_960478.1,6.3.4.9
XP_960480.1,1.4.3.21
XP_960499.1,3.7.1.2
XP_960504.1,2.4.2.8
XP_960510.1,2.5.1.54
XP_960520.1,2.3.1.16
XP_960539.2,3.2.1.21
XP_960550.2,2.7.7.19
XP_960554.3,2.3.2.23
XP_960556.1,1.1.1.116
XP_960560.3,4.2.2.23
XP_960563.1,4.4.1.17
XP_960570.2,2.7.11.1
XP_960579.2,3.3.2.9
XP_960580.2,3.4.19.12
XP_960582.1,1.13.11.52
XP_960584.1,2.1.1.185
XP_960609.1,1.14.18.5
XP_960609.1,1.14.19.17
XP_960610.3,3.1.27.9
XP_960622.2,3.2.1.14
XP_960626.1,3.4.19.12
XP_960627.3,2.1.1.165
XP_960639.1,3.1.3.4
XP_960639.1,3.1.3.81
XP_960643.1,3.6.5.4
XP_960658.1,3.2.1.21
XP_960660.2,3.3.2.6
XP_960685.2,6.2.1.17
XP_960695.2,2.5.1.1
XP_960695.2,2.5.1.10
XP_960695.2,2.5.1.29
XP_960697.1,1.1.1.1
XP_960697.1,1.1.1.284
XP_960699.3,4.2.99.18
XP_960714.1,3.6.4.13
XP_960717.3,6.5.1.1
XP_960732.2,2.3.2.27
XP_960739.1,2.7.11.22
XP_960739.1,2.7.11.23
XP_960744.3,3.1.4.11
XP_960745.3,2.3.1.225
XP_960746.2,2.3.2.23
XP_960749.1,4.1.1.17
XP_960754.1,2.3.1.254
XP_960762.1,3.2.1.73
XP_960770.1,3.2.1.91
XP_960790.1,2.1.1.183
XP_960795.1,3.6.4.13
XP_960802.3,6.2.1.8
XP_960805.2,3.2.2.21
XP_960835.1,1.2.1.41
XP_960840.2,2.4.2.14
XP_960845.1,3.2.1.28
XP_960854.1,4.1.3.1
XP_960861.1,5.1.99.4
XP_960862.1,3.6.5.5
XP_960892.1,3.4.25.1
XP_960894.2,2.6.1.85
XP_960897.1,3.6.3.16
XP_960899.1,4.1.3.38
XP_960900.3,3.4.16.6
XP_960902.1,6.1.1.2
XP_960904.2,6.3.1.2
XP_960906.2,3.5.1.3
XP_960907.1,2.5.1.16
XP_960912.3,6.2.1.12
XP_960913.1,5.5.1.4
XP_960920.3,3.5.4.12
XP_960926.3,3.6.4.13
XP_960935.2,6.2.1.16
XP_960949.1,6.3.5.4
XP_960952.2,3.4.11.18
XP_960959.2,2.1.2.9
XP_960962.3,3.4.16.6
XP_960964.2,1.3.98.1
XP_960972.1,2.7.11.1
XP_960973.1,3.6.4.12
XP_960974.1,2.3.2.27
XP_960982.3,2.4.2.30
XP_960986.1,1.13.99.1
XP_960991.1,1.1.1.41
XP_961009.1,2.3.1.199
XP_961012.1,3.1.4.12
XP_961015.1,3.1.1.23
XP_961021.1,2.1.1.244
XP_961022.1,3.1.27.9
XP_961023.1,2.4.1.80
XP_961026.2,5.4.99.7
XP_961047.3,1.6.1.2
XP_961048.2,2.7.8.5
XP_961050.2,3.6.4.13
XP_961067.1,2.7.1.39
XP_961079.1,2.7.7.14
XP_961082.2,2.6.1.42
XP_961085.2,4.2.1.10
XP_961088.2,4.2.1.10
XP_961095.2,1.5.1.10
XP_961095.2,2.5.1.16
XP_961106.1,6.1.1.10
XP_961108.1,4.3.1.17
XP_961108.1,4.3.1.19
XP_961112.2,3.1.11.1
XP_961116.1,3.2.1.101
XP_961117.3,1.3.1.88
XP_961117.3,2.7.1.108
XP_961123.1,3.1.2.4
XP_961125.3,2.7.1.28
XP_961125.3,2.7.1.29
XP_961125.3,4.6.1.15
XP_961150.3,3.4.11.9
XP_961152.1,3.4.11.22
XP_961156.2,2.1.1.219
XP_961156.2,2.1.1.220
XP_961163.3,3.2.1.84
XP_961186.3,3.4.19.12
XP_961190.2,3.1.3.1
XP_961191.3,1.14.11.8
XP_961192.1,1.1.1.289
XP_961195.2,3.6.4.13
XP_961197.1,3.6.4.13
XP_961202.1,1.17.1.9
XP_961203.1,6.1.1.4
XP_961207.1,3.6.3.1
XP_961228.3,2.3.1.47
XP_961228.3,4.1.1.36
XP_961242.2,2.4.1.16
XP_961253.2,3.2.1.101
XP_961256.1,3.2.1.26
XP_961265.2,2.5.1.18
XP_961273.2,3.6.1.3
XP_961274.1,2.7.2.4
XP_961285.3,2.1.1.95
XP_961286.1,2.3.2.2
XP_961286.1,3.4.19.13
XP_961296.2,5.2.1.8
XP_961299.1,2.1.1.205
XP_961300.3,2.3.1.26
XP_961309.2,5.4.99.25
XP_961319.3,3.6.1.3
XP_961319.3,3.6.3.1
XP_961332.2,3.1.1.65
XP_961334.1,4.3.1.19
XP_961335.1,1.1.1.86
XP_961338.2,2.4.1.16
XP_961344.1,3.8.1.2
XP_961350.1,2.3.2.23
XP_961359.3,2.5.1.58
XP_961359.3,2.5.1.59
XP_961360.1,2.7.1.36
XP_961364.3,3.4.24.84
XP_961386.1,4.2.1.19
XP_961391.2,2.3.1.225
XP_961407.1,2.7.7.7
XP_961414.2,2.2.1.1
XP_961415.2,2.1.1.312
XP_961419.3,1.3.1.71
XP_961421.2,2.7.11.1
XP_961423.1,6.3.2.12
XP_961434.1,3.5.3.11
XP_961468.2,2.1.1.22
XP_961471.1,4.1.1.65
XP_961480.1,3.4.19.12
XP_961484.1,2.1.1.1
XP_961489.1,3.6.1.42
XP_961494.1,3.6.1.43
XP_961495.1,2.3.2.31
XP_961515.1,5.3.4.1
XP_961517.1,2.7.1.23
XP_961523.1,6.3.2.2
XP_961526.1,3.6.4.13
XP_961529.2,1.8.4.14
XP_961530.3,3.4.11.9
XP_961535.1,1.6.5.3
XP_961535.1,1.6.99.3
XP_961537.1,3.6.4.12
XP_961541.1,2.5.1.1
XP_961541.1,2.5.1.10
XP_961543.1,1.1.1.133
XP_961543.1,2.5.1.6
XP_961543.1,2.7.7.1
XP_961543.1,2.7.7.18
XP_961547.1,1.3.8.7
XP_961553.1,2.7.11.1
XP_961554.1,2.3.2.23
XP_961558.1,2.7.7.7
XP_961561.1,1.4.1.4
XP_961572.3,2.1.1.43
XP_961573.1,3.6.3.14
XP_961576.1,2.6.1.85
XP_961579.3,1.15.1.1
XP_961591.1,2.3.2.23
XP_961593.1,6.2.1.4
XP_961593.1,6.2.1.5
XP_961595.1,2.3.1.48
XP_961600.1,3.6.4.13
XP_961601.2,6.5.1.1
XP_961616.1,4.1.1.65
XP_961621.3,3.5.1.3
XP_961625.1,4.2.1.24
XP_961659.1,3.1.3.36
XP_961662.1,1.14.99.56
XP_961671.1,3.2.1.113
XP_961682.2,3.1.1.29
XP_961695.1,4.1.1.50
XP_961698.3,1.14.13.12
XP_961715.1,4.2.1.1
XP_961716.2,3.6.4.13
XP_961717.1,3.4.19.12
XP_961729.1,1.5.1.20
XP_961731.1,1.14.19.1
XP_961731.1,2.3.2.27
XP_961734.3,3.6.1.3
XP_961734.3,3.6.3.1
XP_961742.1,3.1.11.7
XP_961742.1,3.1.11.8
XP_961742.1,3.1.12.2
XP_961758.3,2.4.1.16
XP_961766.2,2.7.1.6
XP_961771.2,3.6.4.12
XP_961775.1,1.6.2.2
XP_961777.1,3.6.4.13
XP_961789.1,1.14.99.29
XP_961791.1,2.7.6.1
XP_961795.1,3.2.1.10
XP_961802.1,3.1.2.22
XP_961804.1,1.3.5.2
XP_961804.1,1.3.98.1
XP_961806.1,1.14.14.17
XP_961813.1,2.1.3.2
XP_961813.1,6.3.5.5
XP_961818.2,3.1.3.16
XP_961824.1,1.14.19.1
XP_961826.1,3.4.21.53
XP_961834.2,3.1.3.16
XP_961839.3,3.5.1.98
XP_961848.1,1.14.14.1
XP_961848.1,1.6.2.4
XP_961851.1,1.14.13.7
XP_961873.1,1.11.1.6
XP_961884.1,2.7.1.48
XP_961885.1,1.6.99.3
XP_961895.1,3.6.4.13
XP_961897.2,1.4.3.5
XP_961900.1,1.1.2.3
XP_961903.1,4.1.1.105
XP_961903.1,4.1.1.28
XP_961904.3,3.1.1.5
XP_961904.3,3.1.3.99
XP_961915.1,1.14.19.41
XP_961927.1,2.3.2.27
XP_961944.3,2.3.2.31
XP_961961.1,3.1.26.5
XP_961962.2,6.3.2.1
XP_961969.1,5.3.3.2
XP_961972.3,2.7.11.1
XP_961974.2,1.14.11.27
XP_961975.1,5.4.99.5
XP_961990.2,3.5.1.4
XP_962002.2,1.8.1.2
XP_962003.3,2.4.1.16
XP_962010.1,2.7.1.67
XP_962015.1,3.1.3.96
XP_962020.2,2.7.4.2
XP_962034.1,6.3.5.3
XP_962051.1,3.1.1.73
XP_962061.1,2.4.2.10
XP_962064.1,2.1.1.287
XP_962066.1,3.4.25.1
XP_962069.1,1.7.1.1
XP_962069.1,1.7.1.2
XP_962069.1,1.7.1.3
XP_962072.2,2.1.1.202
XP_962073.1,1.14.11.27
XP_962077.2,1.4.3.5
XP_962091.1,1.3.1.34
XP_962097.1,1.1.1.100
XP_962098.1,2.4.1.83
XP_962099.1,3.6.3.7
XP_962115.1,2.4.1.142
XP_962118.1,2.3.2.23
XP_962120.1,2.1.1.314
XP_962122.3,2.7.11.1
XP_962134.3,2.7.11.1
XP_962135.1,5.3.1.9
XP_962152.1,2.8.3.13
XP_962161.1,1.1.1.14
XP_962163.2,2.7.11.24
XP_962166.2,2.4.1.1
XP_962168.1,3.1.27.1
XP_962174.3,3.2.1.14
XP_962193.3,3.6.4.12
XP_962209.2,2.3.2.27
XP_962215.3,2.1.1.79
XP_962217.1,2.3.1.48
XP_962219.1,3.2.1.39
XP_962224.1,2.4.1.117
XP_962239.2,4.2.1.96
XP_962251.1,2.7.11.13
XP_962256.1,4.3.3.6
XP_962257.1,4.3.3.6
XP_962259.1,2.4.1.258
XP_962265.2,1.4.3.1
XP_962265.2,1.4.3.3
XP_962266.3,1.1.1.31
XP_962270.2,3.1.3.16
XP_962283.1,1.1.1.41
XP_962298.1,3.6.4.13
XP_962312.1,3.6.4.13
XP_962337.3,3.5.1.4
XP_962348.1,1.10.2.2
XP_962358.1,2.1.1.145
XP_962360.2,3.4.24.37
XP_962365.3,2.7.7.7
XP_962367.3,1.13.11.20
XP_962368.3,2.7.11.1
XP_962370.2,2.1.1.215
XP_962370.2,2.1.1.216
XP_962376.3,3.1.4.4
XP_962378.2,5.3.4.1
XP_962382.1,3.1.3.25
XP_962385.3,3.1.3.8
XP_962387.2,6.3.3.2
XP_962394.1,2.6.1.9
XP_962405.2,3.6.4.13
XP_962420.1,1.1.1.101
XP_962430.1,2.7.2.3
XP_962432.2,1.14.13.7
XP_962433.1,1.14.99.51
XP_962433.1,2.1.1.44
XP_962435.3,2.1.1.6
XP_962442.1,6.1.1.18
XP_962447.1,1.1.1.26
XP_962457.1,2.6.1.1
XP_962460.1,4.1.2.4
XP_962467.1,3.5.4.3
XP_962476.1,1.1.1.17
XP_962479.1,3.1.3.48
XP_962498.1,3.2.1.91
XP_962504.1,4.99.1.1
XP_962504.1,4.99.1.9
XP_962506.3,3.6.1.29
XP_962511.2,3.1.1.4
XP_962514.3,3.1.3.16
XP_962516.1,3.4.21.53
XP_962526.1,1.1.1.302
XP_962528.1,1.14.13.1
XP_962547.1,3.4.17.21
XP_962562.2,2.7.4.8
XP_962570.3,2.7.7.6
XP_962572.1,3.6.1.11
XP_962573.1,3.4.19.16
XP_962573.1,6.3.5.2
XP_962576.2,2.7.1.78
XP_962580.1,3.6.4.13
XP_962581.3,3.2.1.101
XP_962601.3,3.2.1.67
XP_962606.1,3.1.3.48
XP_962609.1,3.1.3.16
XP_962609.1,3.1.3.48
XP_962609.1,3.1.3.67
XP_962614.1,3.1.3.15
XP_962618.2,2.7.8.7
XP_962638.2,3.6.1.59
XP_962641.3,2.3.1.31
XP_962645.3,2.3.2.27
XP_962657.1,4.4.1.8
XP_962658.1,3.6.1.3
XP_962663.2,2.1.1.233
XP_962672.2,2.3.1.7
XP_962675.2,1.18.1.6
XP_962679.1,3.6.4.12
XP_962692.3,2.7.7.72
XP_962697.2,3.6.1.5
XP_962699.1,2.7.6.2
XP_962702.1,3.1.27.9
XP_962714.3,1.1.1.381
XP_962715.1,2.1.1.17
XP_962732.1,3.1.1.11
XP_962786.1,2.3.1.12
XP_962801.2,2.7.1.12
XP_962813.1,2.7.11.22
XP_962820.1,1.17.4.1
XP_962822.2,3.6.1.62
XP_962830.2,3.6.1.13
XP_962856.1,3.1.3.48
XP_962865.1,2.4.2.9
XP_962868.2,6.5.1.1
XP_962870.1,2.1.1.43
XP_962874.1,3.4.24.64
XP_962918.2,2.7.11.1
XP_962923.1,1.14.19.20
XP_962939.1,2.1.1.293
XP_962944.1,4.2.1.94
XP_962960.3,3.6.4.13
XP_962963.1,1.1.99.18
XP_962965.1,1.3.1.76
XP_962965.1,4.99.1.4
XP_962989.3,2.7.11.1
XP_962989.3,2.7.11.17
XP_962994.2,2.7.11.25
XP_962999.3,4.3.2.2
XP_963001.2,2.3.1.37
XP_963006.2,2.3.1.23
XP_963006.2,2.3.1.51
XP_963017.1,2.1.3.15
XP_963017.1,6.3.4.14
XP_963017.1,6.4.1.2
XP_963033.2,2.1.1.43
XP_963036.2,5.2.1.8
XP_963045.1,4.2.1.9
XP_963062.1,2.4.1.217
XP_963068.2,2.5.1.18
XP_963070.3,1.14.13.7
XP_963078.2,2.1.1.286
XP_963079.2,3.1.3.77
XP_963083.1,1.1.1.85
XP_963091.1,2.7.11.11
XP_963097.3,3.6.4.13
XP_963114.1,1.7.3.3
XP_963120.1,2.1.1.317
XP_963121.2,3.2.1.10
XP_963121.2,3.2.1.20
XP_963131.2,2.7.7.7
XP_963133.2,2.7.12.1
XP_963141.3,3.1.3.1
XP_963164.1,5.2.1.8
XP_963166.1,5.1.3.3
XP_963172.2,6.1.1.11
XP_963200.1,3.5.5.1
XP_963210.3,3.2.1.1
XP_963215.1,3.1.1.72
XP_963218.1,6.1.1.4
XP_963228.1,1.1.1.100
XP_963232.1,1.14.13.1
XP_963237.2,5.1.3.3
XP_963241.1,2.5.1.46
XP_963242.2,4.1.3.4
XP_963243.1,4.2.3.5
XP_963248.3,1.2.4.2
XP_963253.2,2.4.1.18
XP_963253.2,3.6.3.14
XP_963272.1,1.14.14.5
XP_963274.1,1.1.1.2
XP_963281.1,4.2.1.20
XP_963284.2,3.2.1.78
XP_963313.1,6.2.1.4
XP_963313.1,6.2.1.5
XP_963328.1,3.6.4.12
XP_963333.1,3.1.3.7
XP_963355.3,3.1.3.48
XP_963364.2,3.1.1.45
XP_963372.2,3.1.26.4
XP_963375.1,2.7.1.172
XP_963385.2,3.5.4.3
XP_963395.1,3.1.3.1
XP_963402.2,1.1.99.18
XP_963405.1,2.7.7.48
XP_963406.3,2.3.1.9
XP_963430.3,2.3.2.26
XP_963445.2,1.1.5.3
XP_963492.1,2.7.7.6
XP_963498.1,2.6.1.11
XP_963507.1,3.6.4.13
XP_963511.1,5.2.1.8
XP_963529.3,2.7.7.7
XP_963532.3,2.7.11.2
XP_963533.1,4.1.2.27
XP_963536.2,3.4.25.1
XP_963564.2,3.6.1.1
XP_963576.3,6.3.4.4
XP_963580.1,3.5.1.4
XP_963594.3,2.1.1.43
XP_963597.3,2.7.7.1
XP_963607.2,1.14.99.55
XP_963608.1,1.14.13.22
XP_963620.1,2.4.1.131
XP_963621.1,2.1.1.35
XP_963626.1,2.3.3.8
XP_963631.1,3.1.1.29
XP_963644.2,4.1.1.15
XP_963677.2,6.2.1.1
XP_963689.1,2.5.1.78
XP_963703.2,1.1.1.343
XP_963703.2,1.1.1.44
XP_963704.1,5.4.2.2
XP_963721.2,5.1.3.1
XP_963724.2,2.5.1.48
XP_963727.3,2.4.2.7
XP_963728.2,3.2.1.24
XP_963733.1,5.2.1.8
XP_963735.2,3.1.4.12
XP_963738.2,3.1.3.16
XP_963738.2,3.1.3.48
XP_963751.3,2.4.1.260
XP_963753.1,1.5.1.44
XP_963757.2,2.5.1.54
XP_963759.1,5.2.1.8
XP_963770.3,3.1.1.47
XP_963776.2,3.4.25.1
XP_963777.1,2.7.1.67
XP_963786.1,5.4.2.8
XP_963790.3,3.1.3.21
XP_963790.3,3.1.3.68
XP_963792.3,2.7.11.1
XP_963807.1,4.4.1.1
XP_963810.3,2.7.7.2
XP_963821.1,1.1.2.4
XP_963822.1,3.5.1.4
XP_963841.1,2.1.1.322
XP_963844.2,2.7.11.1
XP_963855.1,2.3.1.225
XP_963876.1,2.5.1.48
XP_963878.1,3.6.4.12
XP_963887.3,1.1.3.13
XP_963893.2,3.6.4.12
XP_963907.1,2.5.1.9
XP_963909.2,5.4.2.3
XP_963910.1,2.1.1.319
XP_963912.3,2.7.7.7
XP_963921.3,3.1.13.1
XP_963926.2,2.4.1.109
XP_963931.1,1.1.1.307
XP_963941.1,2.5.1.54
XP_963947.3,2.7.7.49
XP_963949.1,2.3.1.234
XP_963950.2,2.3.1.234
XP_963951.1,3.4.25.1
XP_963953.2,2.1.1.228
XP_963954.2,2.5.1.87
XP_963963.1,2.1.2.2
XP_963973.1,2.3.2.23
XP_963988.3,1.14.12.17
XP_963990.1,3.2.2.29
XP_964011.1,3.2.2.3
XP_964019.1,3.4.24.59
XP_964022.1,3.6.4.12
XP_964024.3,2.4.2.17
XP_964030.3,3.6.4.12
XP_964037.1,3.4.25.1
XP_964041.3,3.1.4.1
XP_964045.3,4.2.99.18
XP_964046.2,2.3.2.26
XP_964049.2,1.14.13.70
XP_964054.1,2.1.2.3
XP_964054.1,3.5.4.10
XP_964055.1,3.6.1.3
XP_964060.1,2.4.1.232
XP_964065.2,3.2.1.1
XP_964068.1,3.6.5.5
XP_964070.2,6.2.1.4
XP_964070.2,6.2.1.5
XP_964088.1,2.3.1.31
XP_964097.2,2.7.7.6
XP_964103.1,2.7.7.23
XP_964103.1,2.7.7.83
XP_964107.1,2.3.2.23
XP_964116.3,2.1.1.43
XP_964116.3,2.3.1.225
XP_964119.2,2.3.1.225
XP_964120.1,2.7.7.7
XP_964145.1,3.2.1.8
XP_964159.1,3.2.1.4
XP_964164.1,2.7.11.25
XP_964166.2,2.7.7.7
XP_964169.1,1.2.1.88
XP_964173.1,3.4.21.105
XP_964179.1,4.1.2.52
XP_964183.3,3.2.1.113
XP_964186.3,3.1.3.4
XP_964188.1,1.1.1.23
XP_964188.1,3.5.4.19
XP_964188.1,3.6.1.31
XP_964190.2,3.1.1.5
XP_964200.2,1.11.1.15
XP_964208.1,1.13.11.6
XP_964218.1,3.6.3.8
XP_964235.2,2.7.7.7
XP_964238.1,2.3.1.258
XP_964241.3,3.6.3.6
XP_964248.3,2.7.7.48
XP_964249.1,1.1.2.4
XP_964266.3,4.1.1.37
XP_964273.1,3.2.1.113
XP_964284.1,1.3.8.4
XP_964285.3,6.4.1.4
XP_964291.2,1.15.1.1
XP_964294.1,2.2.1.2
XP_964295.2,3.4.11.19
XP_964308.1,2.1.1.297
XP_964322.2,2.3.2.26
XP_964328.2,2.3.2.27
XP_964329.3,6.1.1.9
XP_964344.3,2.1.1.211
XP_964349.1,2.7.7.4
XP_964353.2,3.2.1.23
XP_964356.1,5.3.4.1
XP_964367.2,3.5.1.98
XP_964387.3,3.4.22.68
XP_964389.1,2.7.7.80
XP_964389.1,2.8.1.11
XP_964395.3,1.1.1.8
XP_964396.3,2.4.1.25
XP_964396.3,3.2.1.33
XP_964407.3,3.2.1.4
XP_964408.2,3.1.3.2
XP_964420.2,2.7.1.23
XP_964433.3,2.3.2.23
XP_964434.2,2.3.1.9
XP_964443.1,1.6.2.4
XP_964451.2,3.5.1.98
XP_964453.2,2.7.7.9
XP_964459.1,3.6.4.13
XP_964468.2,2.7.4.14
XP_964470.3,2.7.11.1
XP_964471.1,2.7.13.3
XP_964475.2,3.1.3.36
XP_964481.3,3.4.25.1
XP_964482.3,3.6.3.8
XP_964494.2,2.4.1.267
XP_964502.3,3.1.1.3
XP_964507.3,3.1.1.13
XP_964538.1,1.15.1.1
XP_964543.3,3.2.1.37
XP_964544.2,3.1.1.72
XP_964546.1,1.1.1.34
XP_964547.1,3.5.1.19
XP_964554.1,1.1.1.27
XP_964560.2,2.7.1.33
XP_964572.1,6.3.2.6
XP_964576.1,2.8.1.12
XP_964610.1,2.7.1.150
XP_964611.2,3.5.3.11
XP_964630.1,3.6.1.3
XP_964630.1,3.6.3.1
XP_964630.1,3.6.3.8
XP_964638.1,6.1.1.10
XP_964639.1,1.3.1.42
XP_964640.1,3.4.19.3
XP_964642.2,2.4.1.144
XP_964649.1,3.1.1.5
XP_964654.3,3.2.1.101
XP_964657.1,4.2.99.18
XP_964689.1,3.6.4.13
XP_964693.2,2.7.11.21
XP_964699.1,4.2.1.109
XP_964701.2,1.2.1.18
XP_964701.2,1.2.1.27
XP_964702.3,1.2.3.15
XP_964709.3,3.6.1.13
XP_964710.3,2.5.1.18
XP_964713.1,1.3.99.30
XP_964715.1,1.2.1.11
XP_964726.1,2.8.1.8
XP_964736.2,2.7.1.1
XP_964737.1,2.3.1.258
XP_964739.2,5.2.1.8
XP_964741.1,6.1.1.12
XP_964745.1,3.6.4.13
XP_964746.2,6.1.1.5
XP_964806.1,3.2.1.25
XP_964807.1,1.1.1.14
XP_964807.1,1.1.1.9
XP_964809.2,6.3.2.17
XP_964823.2,1.14.18.1
XP_964824.1,2.7.7.6
XP_964834.2,4.1.99.3
XP_964858.1,2.7.8.1
XP_964858.1,2.7.8.2
XP_964869.1,3.1.3.3
XP_964870.2,1.8.4.10
XP_964870.2,1.8.4.8
XP_964875.1,2.3.3.13
XP_964879.1,2.1.1.282
XP_964880.3,2.3.1.225
XP_964883.3,1.1.1.320
XP_964893.2,3.6.4.13
XP_964894.2,3.1.26.5
XP_964910.1,3.6.4.13
XP_964927.2,1.1.1.8
XP_964931.2,1.1.1.41
XP_964932.3,1.14.18.1
XP_964933.1,2.1.1.309
XP_964936.1,1.1.1.28
XP_964948.3,2.6.1.42
XP_964949.2,2.4.1.15
XP_964949.2,2.4.1.347
XP_964949.2,3.1.3.12
XP_964955.1,2.1.1.10
XP_964959.2,1.1.1.343
XP_964959.2,1.1.1.44
XP_964967.3,3.4.17.21
XP_964971.1,1.6.2.2
XP_964973.1,3.1.3.16
XP_964976.1,1.1.1.205
XP_964977.1,1.5.1.7
XP_964977.1,3.4.19.12
XP_964983.3,2.7.11.1
XP_964988.3,6.1.1.3
XP_964990.2,1.4.3.3
XP_965017.1,5.2.1.8
XP_965022.1,1.3.1.89
XP_965029.1,3.2.2.27
XP_965034.3,3.2.1.21
XP_965043.2,2.1.1.43
XP_965056.2,2.5.1.60
XP_965062.1,2.3.1.24
XP_965069.3,1.4.4.2
XP_965070.2,1.1.1.1
XP_965072.2,2.4.1.183
XP_965073.1,6.3.1.2
XP_965075.1,4.1.3.1
XP_965087.1,3.4.25.1
XP_965090.2,3.1.3.48
XP_965091.1,2.7.7.7
XP_965096.1,2.1.1.41
XP_965111.1,2.7.1.82
XP_965112.2,2.1.2.10
XP_965113.1,3.6.4.13
XP_965134.2,3.1.3.16
XP_965136.1,3.2.1.28
XP_965137.3,4.1.2.48
XP_965143.2,1.3.1.91
XP_965144.3,3.6.1.1
XP_965147.2,3.1.1.89
XP_965149.2,2.1.1.85
XP_965151.1,3.1.3.16
XP_965165.3,3.2.1.89
XP_965171.2,2.7.12.1
XP_965181.1,1.14.13.1
XP_965182.2,2.3.1.133
XP_965185.1,3.2.1.21
XP_965191.1,1.6.2.2
XP_965201.1,5.1.99.6
XP_965225.3,1.5.1.3
XP_965228.1,3.2.1.58
XP_965236.2,3.4.22.40
XP_965244.1,3.6.3.54
XP_965255.1,1.6.5.5
XP_965255.1,1.8.1.9
XP_965259.1,3.5.1.4
XP_965262.1,3.5.4.5
XP_965267.1,3.1.6.6
XP_965271.1,3.1.26.5
XP_965287.2,2.7.11.1
XP_965288.1,1.1.3.37
XP_965288.1,1.1.3.8
XP_965294.2,4.1.1.21
XP_965295.2,1.3.1.90
XP_965309.3,3.2.1.14
XP_965316.1,2.7.4.10
XP_965316.1,2.7.4.3
XP_965334.3,2.3.2.27
XP_965341.2,1.1.1.87
XP_965366.2,3.5.4.6
XP_965382.3,3.6.1.10
XP_965390.1,1.2.4.1
XP_965392.1,2.1.1.41
XP_965395.3,4.1.3.4
XP_965396.1,1.2.1.95
XP_965397.3,2.8.1.9
XP_965406.2,2.7.1.83
XP_965406.2,4.2.1.70
XP_965412.2,3.2.1.14
XP_965416.1,6.1.1.1
XP_965427.1,3.2.1.172
XP_965436.2,5.4.3.2
XP_965438.3,2.3.1.22
XP_965443.3,6.3.1.14
XP_965450.1,6.3.5.5
XP_965458.1,3.6.4.13
XP_965466.1,1.1.1.170
XP_965469.1,3.6.4.13
XP_965474.3,3.4.14.4
XP_965475.1,2.7.1.12
XP_965477.1,2.3.1.168
XP_965485.3,2.7.2.1
XP_965497.2,3.1.1.17
XP_965498.1,1.14.99.54
XP_965501.3,4.2.1.11
XP_965533.1,2.3.1.4
XP_965535.3,1.1.1.127
XP_965536.3,1.1.1.14
XP_965537.2,1.1.1.156
XP_965537.2,1.1.1.365
XP_965550.1,3.4.19.12
XP_965577.1,3.6.1.55
XP_965588.2,1.1.1.38
XP_965591.3,3.2.1.132
XP_965598.1,1.14.99.54
XP_965604.1,1.1.1.101
XP_965605.1,1.1.1.349
XP_965606.1,3.1.3.76
XP_965606.1,3.3.2.10
XP_965612.1,1.1.1.65
XP_965630.2,1.6.5.2
XP_965636.2,6.4.1.1
XP_965642.2,2.1.1.310
XP_965644.1,4.2.1.93
XP_965659.1,2.3.1.22
XP_965665.2,1.6.5.3
XP_965665.2,1.6.99.3
XP_965670.1,3.6.4.12
XP_965680.1,3.4.24.64
XP_965695.1,2.5.1.47
XP_965697.3,6.1.1.7
XP_965702.2,2.3.1.9
XP_965716.3,6.1.1.12
XP_965720.1,3.1.2.2
XP_965720.1,3.1.2.27
XP_965722.3,4.1.99.3
XP_965725.3,2.5.1.32
XP_965725.3,5.5.1.19
XP_965735.3,3.4.19.12
XP_965736.1,2.3.1.181
XP_965742.3,2.1.1.107
XP_965744.3,6.5.1.4
XP_965749.1,2.4.1.232
XP_965769.3,2.7.1.11
XP_965783.1,1.1.1.14
XP_965789.1,6.3.4.21
XP_965796.2,2.7.1.137
XP_965800.2,6.3.5.6
XP_965800.2,6.3.5.7
XP_965813.3,3.4.21.48
XP_965818.3,4.1.1.15
XP_965820.1,4.2.1.79
XP_965822.3,2.7.11.1
XP_965822.3,2.7.11.11
XP_965830.1,3.1.26.5
YP_009126702.1,1.6.5.3
YP_009126705.1,1.6.5.3
YP_009126707.1,1.6.5.3
YP_009126708.1,1.6.5.3
YP_009126709.1,1.6.5.3
YP_009126711.1,1.6.5.3
YP_009126712.1,1.6.5.3
YP_009126717.1,1.9.3.1
YP_009126719.1,1.6.5.3
YP_009126721.1,1.6.5.3
YP_009126728.1,1.6.5.3
