XP_001727958.1,K17842
XP_001727960.2,K06653
XP_001727961.1,K06653
XP_001727974.1,K01379
XP_001727974.1,K01381
XP_001727981.1,K18064
XP_001727995.2,K12625
XP_001727998.2,K05857
XP_001728014.1,K01520
XP_001728015.2,K00868
XP_001728020.2,K06693
XP_001728028.2,K08098
XP_001728059.2,K14526
XP_001728061.1,K01802
XP_001728061.1,K12734
XP_001728068.1,K01597
XP_001728070.2,K00505
XP_001728077.1,K01115
XP_001728079.1,K14002
XP_001728088.2,K21848
XP_001728095.2,K00988
XP_001728096.1,K00988
XP_001728128.1,K06970
XP_001728128.1,K11393
XP_001728129.1,K00480
XP_001728130.2,K17741
XP_001728131.1,K01763
XP_001728131.1,K20247
XP_001728133.1,K10599
XP_001728134.1,K00485
XP_001728137.2,K00854
XP_001728159.2,K12195
XP_001728160.1,K11558
XP_001728161.2,K18633
XP_001728167.1,K03233
XP_001728169.2,K01210
XP_001728186.2,K00234
XP_001728187.1,K00344
XP_001728192.1,K14775
XP_001728192.1,K14783
XP_001728197.2,K19801
XP_001728199.2,K01480
XP_001728202.1,K11569
XP_001728209.1,K15275
XP_001728212.1,K17780
XP_001728213.2,K16073
XP_001728214.1,K12946
XP_001728217.2,K01452
XP_001728227.2,K12394
XP_001728241.1,K10704
XP_001728250.2,K03358
XP_001728263.1,K00505
XP_001728268.2,K01293
XP_001728277.1,K16261
XP_001728286.1,K09983
XP_001728295.1,K13123
XP_001728296.2,K20121
XP_001728299.2,K12571
XP_001728307.2,K12349
XP_001728310.2,K00101
XP_001728316.1,K00620
XP_001728317.2,K10755
XP_001728322.1,K03107
XP_001728325.1,K16365
XP_001728346.1,K18732
XP_001728349.1,K16912
XP_001728355.2,K04799
XP_001728360.2,K18725
XP_001728364.2,K03965
XP_001728366.2,K21016
XP_001728367.2,K13217
XP_001728368.2,K20291
XP_001728372.1,K12667
XP_001728373.1,K00683
XP_001728377.2,K15563
XP_001728384.2,K07055
XP_001728391.2,K01174
XP_001728397.2,K20303
XP_001728403.1,K20705
XP_001728406.1,K03115
XP_001728407.2,K20476
XP_001728408.1,K07151
XP_001728409.1,K02918
XP_001728416.2,K07566
XP_001728419.1,K20359
XP_001728424.2,K11984
XP_001728435.2,K20133
XP_001728437.1,K00413
XP_001728437.1,K10632
XP_001728449.2,K03575
XP_001728450.2,K03575
XP_001728457.1,K13431
XP_001728457.1,K21989
XP_001728458.2,K02543
XP_001728458.2,K06640
XP_001728471.2,K08740
XP_001728477.2,K00018
XP_001728480.2,K06062
XP_001728481.2,K03022
XP_001728485.1,K03014
XP_001728496.1,K14154
XP_001728497.1,K20301
XP_001728501.2,K13181
XP_001728508.2,K07953
XP_001728513.2,K03456
XP_001728521.2,K11273
XP_001728522.1,K02214
XP_001728527.2,K14951
XP_001728530.2,K18532
XP_001728535.2,K09561
XP_001728537.1,K00020
XP_001728537.1,K11419
XP_001728538.1,K01808
XP_001728539.2,K01803
XP_001728540.2,K10277
XP_001728541.1,K01001
XP_001728551.2,K22315
XP_001728557.1,K11402
XP_001728558.2,K12184
XP_011392772.1,K11087
XP_011392773.1,K11087
XP_011392782.1,K12659
XP_011392783.1,K12659
XP_011392784.1,K20456
XP_011392785.1,K20456
XP_011392789.1,K11227
XP_011392790.1,K11227
XP_011392791.1,K01968
XP_011392792.1,K01968
XP_011392798.1,K02138
XP_011392799.1,K02138
XP_011392802.1,K01456
XP_011392803.1,K01456
XP_011392804.1,K01456
XP_011392805.1,K01456
XP_011392806.1,K07512
XP_011392807.1,K07512
XP_011392811.1,K01106
XP_011392811.1,K01974
XP_011392812.1,K01106
XP_011392812.1,K01974
XP_011392813.1,K14758
XP_011392814.1,K14758
XP_011392815.1,K14758
XP_011392822.1,K01802
XP_011392827.1,K01050
XP_011392828.1,K01050
XP_011392829.1,K08838
XP_011392830.1,K08838
XP_011392841.1,K13137
XP_011392842.1,K13137
XP_011392846.1,K01930
XP_011392846.1,K17785
XP_011392847.1,K01930
XP_011392847.1,K17785
XP_011392848.1,K05283
XP_011392849.1,K05283
XP_011392850.1,K08286
XP_011392851.1,K08286
XP_011392852.1,K07300
XP_011392853.1,K07300
XP_011392854.1,K07300
XP_011392857.1,K17778
XP_011392857.1,K17781
XP_011392858.1,K17778
XP_011392858.1,K17781
XP_011392859.1,K04567
XP_011392860.1,K04567
XP_011392861.1,K00135
XP_011392862.1,K00135
XP_011392863.1,K00135
XP_011392865.1,K00235
XP_011392866.1,K00235
XP_011392867.1,K15163
XP_011392868.1,K15163
XP_011392869.1,K00295
XP_011392870.1,K00295
XP_011392871.1,K14001
XP_011392872.1,K14001
XP_011392873.1,K14001
XP_011392874.1,K03676
XP_011392875.1,K03676
XP_011392880.1,K03325
XP_011392881.1,K12197
XP_011392882.1,K12197
XP_011392887.1,K06901
XP_011392888.1,K06901
XP_011392889.1,K15441
XP_011392890.1,K15441
XP_011392891.1,K11233
XP_011392892.1,K11233
XP_011392895.1,K00728
XP_011392896.1,K00728
XP_011392906.1,K18550
XP_011392910.1,K10772
XP_011392911.1,K10772
XP_011392912.1,K02266
XP_011392913.1,K02266
XP_011392914.1,K02922
XP_011392915.1,K02922
XP_011392921.1,K17801
XP_011392922.1,K17801
XP_011392923.1,K09043
XP_011392924.1,K09043
XP_011392925.1,K00558
XP_011392926.1,K03128
XP_011392927.1,K03128
XP_011392934.1,K10761
XP_011392935.1,K10761
XP_011392938.1,K01061
XP_011392939.1,K01061
XP_011392940.1,K17738
XP_011392941.1,K17738
XP_011392942.1,K19842
XP_011392942.1,K19843
XP_011392943.1,K19842
XP_011392943.1,K19843
XP_011392948.1,K12592
XP_011392949.1,K12592
XP_011392950.1,K01183
XP_011392951.1,K01183
XP_011392956.1,K01647
XP_011392957.1,K01647
XP_011392958.1,K01647
XP_011392959.1,K10686
XP_011392960.1,K10686
XP_011392961.1,K00844
XP_011392962.1,K00844
XP_011392969.1,K11644
XP_011392970.1,K11644
XP_011392971.1,K01187
XP_011392972.1,K01187
XP_011392982.1,K15183
XP_011392983.1,K15183
XP_011392984.1,K10418
XP_011392985.1,K10418
XP_011392988.1,K06691
XP_011392989.1,K06691
XP_011392991.1,K01940
XP_011392992.1,K01940
XP_011392995.1,K00789
XP_011392996.1,K00789
XP_011392998.1,K01238
XP_011392999.1,K14015
XP_011393000.1,K14015
XP_011393001.1,K10585
XP_011393002.1,K10585
XP_011393021.1,K14773
XP_011393022.1,K14773
XP_011393025.1,K15631
XP_011393027.1,K01792
XP_011393028.1,K01792
XP_011393034.1,K11319
XP_011393034.1,K11396
XP_011393035.1,K11319
XP_011393035.1,K11396
XP_011393036.1,K22255
XP_011393037.1,K22255
XP_011393050.1,K20046
XP_011393051.1,K20046
XP_011393056.1,K00767
XP_011393057.1,K00767
XP_011393058.1,K04565
XP_011393059.1,K04565
XP_011393064.1,K05758
XP_011393065.1,K05758
XP_011393066.1,K11367
XP_011393067.1,K11367
XP_011393070.1,K11761
XP_011393071.1,K11761
XP_011393076.1,K12627
XP_011393077.1,K12627
XP_011393082.1,K19846
XP_011393083.1,K19846
XP_011393084.1,K05767
XP_011393085.1,K05767
XP_011393086.1,K05767
XP_011393087.1,K05767
XP_011393090.1,K08334
XP_011393091.1,K08334
XP_011393092.1,K01427
XP_011393093.1,K01427
XP_011393097.1,K15440
XP_011393098.1,K15440
XP_011393104.1,K00866
XP_011393104.1,K00894
XP_011393105.1,K00866
XP_011393105.1,K00894
XP_011393106.1,K00866
XP_011393106.1,K00894
XP_011393107.1,K22008
XP_011393108.1,K22008
XP_011393109.1,K08286
XP_011393109.1,K19800
XP_011393110.1,K08286
XP_011393110.1,K19800
XP_011393111.1,K01341
XP_011393112.1,K01341
XP_011393113.1,K01341
XP_011393119.1,K00993
XP_011393120.1,K00993
XP_011393121.1,K07297
XP_011393122.1,K07297
XP_011393123.1,K12836
XP_011393124.1,K12836
XP_011393125.1,K12366
XP_011393126.1,K12366
XP_011393129.1,K15263
XP_011393130.1,K15263
XP_011393131.1,K06889
XP_011393132.1,K06889
XP_011393133.1,K14686
XP_011393134.1,K14686
XP_011393135.1,K01557
XP_011393136.1,K01557
XP_011393137.1,K13171
XP_011393138.1,K13171
XP_011393139.1,K13171
XP_011393142.1,K00428
XP_011393143.1,K00428
XP_011393144.1,K00428
XP_011393145.1,K06630
XP_011393146.1,K06630
XP_011393152.1,K01210
XP_011393153.1,K01210
XP_011393158.1,K12621
XP_011393159.1,K12621
XP_011393160.1,K19783
XP_011393161.1,K19783
XP_011393164.1,K02941
XP_011393165.1,K02941
XP_011393166.1,K01485
XP_011393167.1,K01485
XP_011393168.1,K01485
XP_011393173.1,K02150
XP_011393174.1,K02150
XP_011393175.1,K15102
XP_011393176.1,K15102
XP_011393179.1,K06269
XP_011393180.1,K06269
XP_011393183.1,K18167
XP_011393184.1,K18167
XP_011393189.1,K07937
XP_011393189.1,K07977
XP_011393190.1,K07937
XP_011393190.1,K07977
XP_011393191.1,K06688
XP_011393192.1,K02216
XP_011393193.1,K02216
XP_011393196.1,K01768
XP_011393197.1,K01768
XP_011393198.1,K11842
XP_011393198.1,K11872
XP_011393199.1,K11842
XP_011393199.1,K11872
XP_011393200.1,K15731
XP_011393201.1,K15731
XP_011393202.1,K15731
XP_011393205.1,K02882
XP_011393206.1,K02882
XP_011393213.1,K11369
XP_011393214.1,K11369
XP_011393215.1,K02971
XP_011393216.1,K02971
XP_011393222.1,K10273
XP_011393223.1,K10273
XP_011393230.1,K02983
XP_011393231.1,K02983
XP_011393232.1,K01922
XP_011393232.1,K11237
XP_011393233.1,K01922
XP_011393233.1,K11237
XP_011393234.1,K14827
XP_011393235.1,K14827
XP_011393239.1,K00838
XP_011393240.1,K00838
XP_011393241.1,K03163
XP_011393242.1,K03163
XP_011393243.1,K08794
XP_011393244.1,K08794
XP_011393245.1,K08794
XP_011393246.1,K06100
XP_011393247.1,K01771
XP_011393248.1,K01771
XP_011393251.1,K00505
XP_011393252.1,K00505
XP_011393253.1,K08832
XP_011393254.1,K08832
XP_011393255.1,K08832
XP_011393256.1,K08286
XP_011393257.1,K08286
XP_011393260.1,K14292
XP_011393261.1,K14292
XP_011393264.1,K08065
XP_011393265.1,K08065
XP_011393266.1,K07936
XP_011393267.1,K07936
XP_011393272.1,K07126
XP_011393273.1,K07126
XP_011393274.1,K00698
XP_011393275.1,K00698
XP_011393281.1,K04354
XP_011393282.1,K04354
XP_011393283.1,K12160
XP_011393284.1,K12160
XP_011393285.1,K12160
XP_011393286.1,K00249
XP_011393287.1,K00249
XP_011393290.1,K05658
XP_011393291.1,K05658
XP_011393292.1,K05658
XP_011393298.1,K01638
XP_011393299.1,K01638
XP_011393302.1,K01689
XP_011393303.1,K01689
XP_011393304.1,K02178
XP_011393304.1,K06680
XP_011393305.1,K02178
XP_011393305.1,K06680
XP_011393311.1,K14023
XP_011393311.1,K14026
XP_011393312.1,K14023
XP_011393312.1,K14026
XP_011393313.1,K12373
XP_011393314.1,K12373
XP_011393319.1,K12662
XP_011393320.1,K12662
XP_011393329.1,K18167
XP_011393338.1,K12592
XP_011393339.1,K12592
XP_011393362.1,K03861
XP_011393363.1,K20498
XP_011393367.1,K01512
XP_011393370.1,K13288
XP_011393379.1,K15339
XP_011393384.1,K00231
XP_011393385.1,K00231
XP_011393386.1,K00231
XP_011393389.1,K10424
XP_011393389.1,K18599
XP_011393403.1,K02830
XP_011393410.1,K00472
XP_011393423.1,K17652
XP_011393428.1,K01174
XP_011393445.1,K13355
XP_011393447.1,K11373
XP_011393448.1,K11373
XP_011393449.1,K11232
XP_011393450.1,K11232
XP_011393451.1,K11232
XP_011393454.1,K10524
XP_011393455.1,K10524
XP_011393457.1,K11676
XP_011393458.1,K11676
XP_011393461.1,K02973
XP_011393462.1,K02973
XP_011393463.1,K15161
XP_011393464.1,K15161
XP_011393466.1,K05765
XP_011393467.1,K05765
XP_011393468.1,K02516
XP_011393469.1,K02516
XP_011393489.1,K06867
XP_011393490.1,K06867
XP_011393491.1,K00900
XP_011393492.1,K00900
XP_011393499.1,K00264
XP_011393500.1,K00264
XP_011393501.1,K13953
XP_011393502.1,K13953
XP_011393503.1,K03685
XP_011393504.1,K03685
XP_011393507.1,K01855
XP_011393508.1,K01855
XP_011393522.1,K10901
XP_011393523.1,K10901
XP_011393524.1,K17676
XP_011393525.1,K17676
XP_011393526.1,K00383
XP_011393527.1,K00383
XP_011393529.1,K10597
XP_011393530.1,K10597
XP_011393535.1,K06681
XP_011393536.1,K06681
XP_011393537.1,K13113
XP_011393538.1,K03872
XP_011393539.1,K03872
XP_011393540.1,K07975
XP_011393541.1,K07975
XP_011393552.1,K10685
XP_011393553.1,K10685
XP_011393554.1,K20237
XP_011393555.1,K20237
XP_011393560.1,K11251
XP_011393561.1,K11251
XP_011393562.1,K11251
XP_011393570.1,K15451
XP_011393571.1,K15451
XP_011393574.1,K03800
XP_011393575.1,K03800
XP_011393576.1,K03800
XP_011393577.1,K03800
XP_011393578.1,K03544
XP_011393579.1,K03544
XP_011393580.1,K00700
XP_011393581.1,K00700
XP_011393585.1,K12232
XP_011393586.1,K12232
XP_011393589.1,K01648
XP_011393590.1,K01648
XP_011393594.1,K11982
XP_011393595.1,K11982
XP_011393596.1,K10395
XP_011393597.1,K10395
XP_011393600.1,K06665
XP_011393601.1,K06665
XP_011393604.1,K14455
XP_011393605.1,K14455
XP_011393608.1,K01279
XP_011393609.1,K11684
XP_011393610.1,K11684
XP_011393617.1,K02995
XP_011393618.1,K02995
XP_011393619.1,K02991
XP_011393620.1,K02991
XP_011393621.1,K02991
XP_011393622.1,K07561
XP_011393623.1,K07561
XP_011393630.1,K03357
XP_011393631.1,K18278
XP_011393632.1,K18278
XP_011393633.1,K18278
XP_011393638.1,K05863
XP_011393639.1,K05863
XP_011393643.1,K05727
XP_011393644.1,K05727
XP_011393645.1,K05727
XP_011393647.1,K03099
XP_011393648.1,K03099
XP_011393655.1,K02608
XP_011393659.1,K07443
XP_011393660.1,K07443
XP_011393673.1,K10901
XP_011393673.1,K12343
XP_011393677.1,K15451
XP_011393705.1,K14137
XP_011393709.1,K15455
XP_011393721.1,K13525
XP_011393722.1,K13525
XP_011393728.1,K00587
XP_011393729.1,K00587
XP_011393730.1,K11155
XP_011393731.1,K11155
XP_011393732.1,K15542
XP_011393733.1,K15542
XP_011393747.1,K20407
XP_011393748.1,K20407
XP_011393749.1,K17607
XP_011393750.1,K17607
XP_011393751.1,K08066
XP_011393752.1,K08066
XP_011393753.1,K08066
XP_011393758.1,K01188
XP_011393759.1,K01188
XP_011393760.1,K14288
XP_011393761.1,K14288
XP_011393762.1,K08744
XP_011393763.1,K08744
XP_011393768.1,K01814
XP_011393769.1,K01814
XP_011393770.1,K01814
XP_011393773.1,K14213
XP_011393774.1,K14213
XP_011393777.1,K00819
XP_011393778.1,K00819
XP_011393779.1,K19845
XP_011393780.1,K19845
XP_011393781.1,K19845
XP_011393782.1,K01656
XP_011393782.1,K13501
XP_011393783.1,K01656
XP_011393783.1,K13501
XP_011393785.1,K00472
XP_011393786.1,K00472
XP_011393801.1,K22314
XP_011393802.1,K22314
XP_011393811.1,K08576
XP_011393812.1,K08576
XP_011393813.1,K11853
XP_011393814.1,K11853
XP_011393815.1,K11853
XP_011393818.1,K07952
XP_011393819.1,K07952
XP_011393824.1,K17794
XP_011393825.1,K16186
XP_011393826.1,K16186
XP_011393827.1,K12830
XP_011393828.1,K12830
XP_011393833.1,K01710
XP_011393834.1,K01710
XP_011393835.1,K01710
XP_011393836.1,K04518
XP_011393837.1,K04518
XP_011393840.1,K01265
XP_011393841.1,K01265
XP_011393844.1,K15306
XP_011393845.1,K15306
XP_011393846.1,K15378
XP_011393847.1,K15378
XP_011393852.1,K09503
XP_011393853.1,K09503
XP_011393854.1,K00211
XP_011393855.1,K00211
XP_011393856.1,K10994
XP_011393857.1,K10994
XP_011393859.1,K01120
XP_011393860.1,K01120
XP_011393870.1,K17922
XP_011393871.1,K17922
XP_011393872.1,K17922
XP_011393877.1,K09396
XP_011393877.1,K09401
XP_011393877.1,K09403
XP_011393877.1,K09413
XP_011393878.1,K09396
XP_011393878.1,K09401
XP_011393878.1,K09403
XP_011393878.1,K09413
XP_011393879.1,K20300
XP_011393880.1,K20300
XP_011393881.1,K21456
XP_011393882.1,K21456
XP_011393887.1,K00026
XP_011393888.1,K00026
XP_011393889.1,K04706
XP_011393889.1,K20304
XP_011393890.1,K04706
XP_011393890.1,K20304
XP_011393896.1,K18738
XP_011393897.1,K18738
XP_011393898.1,K18738
XP_011393899.1,K10669
XP_011393900.1,K10669
XP_011393903.1,K00987
XP_011393904.1,K00987
XP_011393905.1,K08340
XP_011393906.1,K08340
XP_011393907.1,K14536
XP_011393908.1,K14536
XP_011393909.1,K14536
XP_011393910.1,K02957
XP_011393911.1,K02957
XP_011393912.1,K09579
XP_011393913.1,K09579
XP_011393916.1,K02731
XP_011393917.1,K02731
XP_011393920.1,K04392
XP_011393920.1,K04393
XP_011393921.1,K04392
XP_011393921.1,K04393
XP_011393928.1,K17943
XP_011393928.1,K17944
XP_011393929.1,K17943
XP_011393929.1,K17944
XP_011393932.1,K15255
XP_011393933.1,K15255
XP_011393934.1,K06173
XP_011393934.1,K15452
XP_011393935.1,K06173
XP_011393935.1,K15452
XP_011393936.1,K10696
XP_011393937.1,K10696
XP_011393938.1,K15192
XP_011393939.1,K15192
XP_011393940.1,K11562
XP_011393943.1,K00077
XP_011393943.1,K00511
XP_011393944.1,K00077
XP_011393944.1,K00511
XP_011393947.1,K21455
XP_011393948.1,K21455
XP_011393949.1,K00877
XP_011393950.1,K00877
XP_011393953.1,K03260
XP_011393954.1,K03260
XP_011393962.1,K16738
XP_011393963.1,K16738
XP_011393972.1,K03094
XP_011393973.1,K03094
XP_011393976.1,K01077
XP_011393977.1,K01077
XP_011393978.1,K01077
XP_011393979.1,K13524
XP_011393980.1,K13524
XP_011393981.1,K13524
XP_011393982.1,K22484
XP_011393983.1,K22484
XP_011393984.1,K22484
XP_011393987.1,K10684
XP_011393988.1,K10684
XP_011393992.1,K20241
XP_011393993.1,K20241
XP_011393994.1,K00463
XP_011393998.1,K10768
XP_011393999.1,K10768
XP_011394000.1,K18083
XP_011394001.1,K18083
XP_011394002.1,K14213
XP_011394003.1,K14213
XP_011394006.1,K08658
XP_011394007.1,K08658
XP_011394019.1,K14169
XP_011394020.1,K14169
XP_011394037.1,K00287
XP_011394042.1,K01867
XP_011394042.1,K02946
XP_011394063.1,K08870
XP_011394064.1,K08870
XP_011394081.1,K04070
XP_011394082.1,K04070
XP_011394085.1,K13291
XP_011394086.1,K13291
XP_011394089.1,K14299
XP_011394090.1,K14299
XP_011394100.1,K17095
XP_011394101.1,K17095
XP_011394102.1,K20103
XP_011394103.1,K20103
XP_011394108.1,K20309
XP_011394109.1,K20309
XP_011394112.1,K01915
XP_011394113.1,K01915
XP_011394120.1,K00012
XP_011394121.1,K00012
XP_011394125.1,K10402
XP_011394125.1,K17387
XP_011394125.1,K18703
XP_011394126.1,K10402
XP_011394126.1,K17387
XP_011394126.1,K18703
XP_011394132.1,K15053
XP_011394133.1,K15053
XP_011394134.1,K03686
XP_011394135.1,K03686
XP_011394139.1,K03347
XP_011394140.1,K03347
XP_011394141.1,K02907
XP_011394142.1,K02907
XP_011394143.1,K02907
XP_011394150.1,K09485
XP_011394150.1,K09489
XP_011394151.1,K09485
XP_011394151.1,K09489
XP_011394156.1,K17969
XP_011394159.1,K00915
XP_011394159.1,K14399
XP_011394160.1,K00915
XP_011394160.1,K14399
XP_011394164.1,K10733
XP_011394165.1,K10733
XP_011394166.1,K01728
XP_011394170.1,K03164
XP_011394171.1,K03164
XP_011394181.1,K07300
XP_011394182.1,K07300
XP_011394183.1,K05609
XP_011394184.1,K05609
XP_011394185.1,K05609
XP_011394186.1,K17491
XP_011394187.1,K17491
XP_011394188.1,K05759
XP_011394189.1,K05759
XP_011394190.1,K07750
XP_011394191.1,K07750
XP_011394201.1,K05012
XP_011394202.1,K05012
XP_011394205.1,K00948
XP_011394206.1,K00948
XP_011394207.1,K10413
XP_011394208.1,K10413
XP_011394209.1,K11244
XP_011394210.1,K11244
XP_011394211.1,K21989
XP_011394212.1,K21989
XP_011394217.1,K00773
XP_011394218.1,K00773
XP_011394229.1,K03124
XP_011394230.1,K03124
XP_011394231.1,K12826
XP_011394232.1,K12826
XP_011394233.1,K20131
XP_011394234.1,K20131
XP_011394235.1,K00667
XP_011394235.1,K00668
XP_011394236.1,K00667
XP_011394236.1,K00668
XP_011394237.1,K00667
XP_011394237.1,K00668
XP_011394238.1,K00667
XP_011394238.1,K00668
XP_011394246.1,K01807
XP_011394247.1,K01807
XP_011394250.1,K02357
XP_011394251.1,K02357
XP_011394254.1,K00618
XP_011394255.1,K00618
XP_011394256.1,K16733
XP_011394256.1,K19839
XP_011394257.1,K16733
XP_011394257.1,K19839
XP_011394267.1,K09528
XP_011394268.1,K09528
XP_011394270.1,K01956
XP_011394271.1,K01956
XP_011394274.1,K01251
XP_011394275.1,K01251
XP_011394276.1,K21632
XP_011394277.1,K21632
XP_011394278.1,K04718
XP_011394279.1,K04718
XP_011394285.1,K01652
XP_011394286.1,K01652
XP_011394291.1,K04532
XP_011394292.1,K04532
XP_011394297.1,K16944
XP_011394298.1,K16944
XP_011394302.1,K18174
XP_011394303.1,K18174
XP_011394306.1,K08734
XP_011394307.1,K08734
XP_011394308.1,K19838
XP_011394309.1,K19838
XP_011394317.1,K15918
XP_011394318.1,K15918
XP_011394323.1,K22390
XP_011394324.1,K22390
XP_011394325.1,K03750
XP_011394325.1,K15376
XP_011394326.1,K03750
XP_011394326.1,K15376
XP_011394327.1,K12769
XP_011394328.1,K12769
XP_011394329.1,K12769
XP_011394339.1,K08827
XP_011394340.1,K08827
XP_011394341.1,K08827
XP_011394342.1,K08827
XP_011394343.1,K08827
XP_011394347.1,K12605
XP_011394348.1,K12605
XP_011394349.1,K09184
XP_011394371.1,K11128
XP_011394372.1,K11128
XP_011394378.1,K15449
XP_011394379.1,K15449
XP_011394380.1,K03537
XP_011394387.1,K14861
XP_011394388.1,K21848
XP_011394389.1,K21848
XP_011394392.1,K15175
XP_011394393.1,K15175
XP_011394394.1,K09648
XP_011394403.1,K15303
XP_011394417.1,K17421
XP_011394418.1,K17421
XP_011394420.1,K00420
XP_011394421.1,K03850
XP_011394437.1,K15304
XP_011394439.1,K15219
XP_011394440.1,K15219
XP_011394457.1,K01167
XP_011394458.1,K01167
XP_011394477.1,K04739
XP_011394478.1,K04739
XP_011394479.1,K19030
XP_011394480.1,K19030
XP_011394481.1,K01802
XP_011394481.1,K03768
XP_011394481.1,K03770
XP_011394482.1,K01802
XP_011394482.1,K03768
XP_011394482.1,K03770
XP_011394484.1,K17945
XP_011394487.1,K02872
XP_011394488.1,K02872
XP_011394491.1,K01725
XP_011394492.1,K01725
XP_011394493.1,K00948
XP_011394494.1,K00948
XP_011394497.1,K11578
XP_011394498.1,K11578
XP_011394503.1,K13989
XP_011394504.1,K13989
XP_011394507.1,K00799
XP_011394508.1,K00799
XP_011394509.1,K00799
XP_011394512.1,K09051
XP_011394513.1,K09051
XP_011394515.1,K08596
XP_011394516.1,K08596
XP_011394517.1,K08596
XP_011394518.1,K02734
XP_011394519.1,K02734
XP_011394520.1,K01094
XP_011394521.1,K01094
XP_011394524.1,K17776
XP_011394525.1,K17776
XP_011394526.1,K07127
XP_011394527.1,K07127
XP_011394528.1,K07127
XP_011394531.1,K10357
XP_011394532.1,K00761
XP_011394533.1,K00761
XP_011394534.1,K00761
XP_011394537.1,K07910
XP_011394538.1,K07910
XP_011394545.1,K07200
XP_011394546.1,K07200
XP_011394547.1,K02926
XP_011394548.1,K02926
XP_011394553.1,K01188
XP_011394554.1,K01188
XP_011394557.1,K00029
XP_011394558.1,K00029
XP_011394559.1,K01228
XP_011394560.1,K01228
XP_011394574.1,K00846
XP_011394575.1,K00846
XP_011394576.1,K00846
XP_011394577.1,K01069
XP_011394578.1,K01069
XP_011394579.1,K01069
XP_011394580.1,K01069
XP_011394581.1,K01069
XP_011394582.1,K14863
XP_011394583.1,K14863
XP_011394584.1,K12624
XP_011394585.1,K12624
XP_011394586.1,K13278
XP_011394587.1,K13278
XP_011394588.1,K13278
XP_011394589.1,K13278
XP_011394593.1,K03008
XP_011394594.1,K03008
XP_011394595.1,K15202
XP_011394596.1,K15202
XP_011394597.1,K04348
XP_011394598.1,K04348
XP_011394599.1,K20353
XP_011394600.1,K20353
XP_011394601.1,K20353
XP_011394602.1,K10903
XP_011394603.1,K10903
XP_011394604.1,K06268
XP_011394605.1,K06268
XP_011394606.1,K01409
XP_011394607.1,K01409
XP_011394610.1,K08286
XP_011394610.1,K08838
XP_011394610.1,K21618
XP_011394611.1,K08286
XP_011394611.1,K08838
XP_011394611.1,K21618
XP_011394616.1,K15559
XP_011394617.1,K15559
XP_011394621.1,K12897
XP_011394622.1,K12897
XP_011394623.1,K19791
XP_011394624.1,K19791
XP_011394625.1,K05692
XP_011394626.1,K05692
XP_011394627.1,K17771
XP_011394628.1,K17771
XP_011394629.1,K17771
XP_011394630.1,K12831
XP_011394631.1,K12831
XP_011394632.1,K03083
XP_011394632.1,K08282
XP_011394632.1,K12766
XP_011394633.1,K03083
XP_011394633.1,K08282
XP_011394633.1,K12766
XP_011394634.1,K00940
XP_011394640.1,K02619
XP_011394647.1,K17987
XP_011394647.1,K21997
XP_011394648.1,K17987
XP_011394648.1,K21997
XP_011394655.1,K01465
XP_011394656.1,K01465
XP_011394657.1,K01469
XP_011394658.1,K01469
XP_011394659.1,K14803
XP_011394660.1,K14803
XP_011394661.1,K21804
XP_011394662.1,K21804
XP_011394663.1,K12855
XP_011394664.1,K12855
XP_011394665.1,K11226
XP_011394666.1,K11226
XP_011394667.1,K12597
XP_011394668.1,K12597
XP_011394669.1,K03238
XP_011394670.1,K03238
XP_011394671.1,K19572
XP_011394672.1,K19572
XP_011394673.1,K01950
XP_011394674.1,K01950
XP_011394678.1,K00600
XP_011394679.1,K00600
XP_011394680.1,K03327
XP_011394681.1,K03327
XP_011394684.1,K18669
XP_011394684.1,K18670
XP_011394685.1,K18669
XP_011394685.1,K18670
XP_011394688.1,K01493
XP_011394688.1,K08337
XP_011394689.1,K01493
XP_011394689.1,K08337
XP_011394693.1,K00916
XP_011394694.1,K00916
XP_011394695.1,K00693
XP_011394696.1,K00693
XP_011394697.1,K00693
XP_011394698.1,K00693
XP_011394699.1,K02264
XP_011394700.1,K02264
XP_011394701.1,K00750
XP_011394702.1,K00750
XP_011394709.1,K04630
XP_011394709.1,K04640
XP_011394710.1,K04630
XP_011394710.1,K04640
XP_011394711.1,K10392
XP_011394712.1,K10392
XP_011394713.1,K02208
XP_011394714.1,K02208
XP_011394721.1,K15303
XP_011394722.1,K15303
XP_011394724.1,K12603
XP_011394725.1,K12603
XP_011394728.1,K01192
XP_011394728.1,K01624
XP_011394729.1,K01192
XP_011394729.1,K01624
XP_011394734.1,K16833
XP_011394735.1,K16833
XP_011394740.1,K17263
XP_011394741.1,K17263
XP_011394742.1,K17263
XP_011394745.1,K11665
XP_011394745.1,K19307
XP_011394746.1,K11665
XP_011394746.1,K19307
XP_011394747.1,K03564
XP_011394748.1,K03564
XP_011394752.1,K20791
XP_011394753.1,K20791
XP_011394754.1,K17617
XP_011394755.1,K17617
XP_011394779.1,K01126
XP_011394779.1,K18694
XP_011394780.1,K01126
XP_011394780.1,K18694
XP_011394781.1,K01749
XP_011394782.1,K01749
XP_011394786.1,K02619
XP_011394786.1,K15069
XP_011394787.1,K02619
XP_011394787.1,K15069
XP_011394824.1,K19765
XP_011394838.1,K12846
XP_011394839.1,K12846
XP_011394842.1,K09647
XP_011394849.1,K14411
XP_011394865.1,K14655
XP_011394865.1,K15454
XP_011394866.1,K14655
XP_011394866.1,K15454
XP_011394869.1,K12580
XP_011394870.1,K12580
XP_011394871.1,K00031
XP_011394872.1,K00031
XP_011394873.1,K00031
XP_011394874.1,K01046
XP_011394875.1,K01046
XP_011394878.1,K00288
XP_011394879.1,K00288
XP_011394882.1,K04409
XP_011394883.1,K04409
XP_011394884.1,K04409
XP_011394887.1,K14396
XP_011394888.1,K14396
XP_011394889.1,K10389
XP_011394890.1,K10389
XP_011394893.1,K12595
XP_011394893.1,K14416
XP_011394894.1,K12595
XP_011394894.1,K14416
XP_011394897.1,K02218
XP_011394898.1,K02218
XP_011394899.1,K00128
XP_011394899.1,K00129
XP_011394899.1,K17819
XP_011394900.1,K00128
XP_011394900.1,K00129
XP_011394900.1,K17819
XP_011394903.1,K11593
XP_011394904.1,K11593
XP_011394905.1,K10742
XP_011394906.1,K10742
XP_011394907.1,K00306
XP_011394908.1,K00306
XP_011394911.1,K03267
XP_011394912.1,K03267
XP_011394917.1,K13352
XP_011394918.1,K13352
XP_011394926.1,K00002
XP_011394927.1,K00002
XP_011394931.1,K05994
XP_011394932.1,K21292
XP_011394933.1,K03941
XP_011394934.1,K03941
XP_011394937.1,K02927
XP_011394938.1,K02927
XP_011394951.1,K17338
XP_011394952.1,K17338
XP_011394953.1,K01655
XP_011394954.1,K01655
XP_011394955.1,K01655
XP_011394956.1,K15435
XP_011394957.1,K15435
XP_011394958.1,K09659
XP_011394959.1,K09659
XP_011394970.1,K11662
XP_011394971.1,K11662
XP_011394972.1,K07277
XP_011394973.1,K07277
XP_011394974.1,K07277
XP_011394975.1,K06699
XP_011394976.1,K06699
XP_011394977.1,K18693
XP_011394978.1,K18693
XP_011394985.1,K00416
XP_011394986.1,K00416
XP_011394992.1,K08254
XP_011394993.1,K08254
XP_011394995.1,K07300
XP_011394996.1,K07300
XP_011395004.1,K10531
XP_011395005.1,K10531
XP_011395010.1,K18626
XP_011395011.1,K18626
XP_011395014.1,K10590
XP_011395015.1,K10590
XP_011395016.1,K10590
XP_011395017.1,K10590
XP_011395018.1,K19983
XP_011395019.1,K19983
XP_011395022.1,K01051
XP_011395023.1,K01051
XP_011395026.1,K15104
XP_011395027.1,K15104
XP_011395030.1,K00223
XP_011395031.1,K00223
XP_011395035.1,K13800
XP_011395036.1,K07005
XP_011395043.1,K10838
XP_011395048.1,K18177
XP_011395051.1,K20301
XP_011395069.1,K05994
XP_011395072.1,K12824
XP_011395073.1,K12824
XP_011395074.1,K07252
XP_011395074.1,K14655
XP_011395075.1,K09529
XP_011395077.1,K07005
XP_011395084.1,K13985
XP_011395087.1,K08254
XP_011395093.1,K07432
XP_011395094.1,K07432
XP_011395096.1,K02913
XP_011395109.1,K01568
XP_011395110.1,K01568
XP_011395111.1,K11229
XP_011395112.1,K11229
XP_011395113.1,K01230
XP_011395114.1,K01230
XP_011395116.1,K21766
XP_011395117.1,K21766
XP_011395118.1,K21766
XP_011395119.1,K21766
XP_011395120.1,K03860
XP_011395129.1,K14521
XP_011395130.1,K14521
XP_011395130.1,K15033
XP_011395133.1,K09424
XP_011395134.1,K09424
XP_011395140.1,K01476
XP_011395141.1,K01476
XP_011395147.1,K13719
XP_011395148.1,K13719
XP_011395149.1,K13719
XP_011395154.1,K01455
XP_011395155.1,K01455
XP_011395156.1,K01868
XP_011395157.1,K01868
XP_011395158.1,K01868
XP_011395159.1,K17868
XP_011395160.1,K17868
XP_011395161.1,K04371
XP_011395162.1,K04371
XP_011395167.1,K10875
XP_011395167.1,K15305
XP_011395168.1,K10875
XP_011395168.1,K15305
XP_011395169.1,K10875
XP_011395169.1,K15305
XP_011395170.1,K16584
XP_011395171.1,K16584
XP_011395174.1,K01509
XP_011395174.1,K20293
XP_011395175.1,K01509
XP_011395175.1,K20293
XP_011395178.1,K14568
XP_011395179.1,K14568
XP_011395180.1,K16275
XP_011395181.1,K16275
XP_011395182.1,K09506
XP_011395183.1,K09506
XP_011395184.1,K01754
XP_011395185.1,K01754
XP_011395187.1,K03511
XP_011395188.1,K03511
XP_011395189.1,K08486
XP_011395190.1,K08486
XP_011395191.1,K08486
XP_011395192.1,K08486
XP_011395193.1,K02977
XP_011395194.1,K02977
XP_011395197.1,K21390
XP_011395198.1,K21390
XP_011395199.1,K21390
XP_011395200.1,K21390
XP_011395201.1,K20302
XP_011395202.1,K20302
XP_011395203.1,K09250
XP_011395204.1,K09250
XP_011395205.1,K00600
XP_011395206.1,K00600
XP_011395222.1,K02983
XP_011395223.1,K02983
XP_011395224.1,K00801
XP_011395225.1,K00801
XP_011395230.1,K00873
XP_011395231.1,K00873
XP_011395239.1,K03146
XP_011395240.1,K03146
XP_011395241.1,K03146
XP_011395242.1,K03146
XP_011395247.1,K11275
XP_011395248.1,K11275
XP_011395251.1,K14402
XP_011395252.1,K14402
XP_011395255.1,K09202
XP_011395255.1,K09238
XP_011395256.1,K09202
XP_011395256.1,K09238
XP_011395257.1,K09202
XP_011395257.1,K09238
XP_011395258.1,K09202
XP_011395258.1,K09238
XP_011395259.1,K11244
XP_011395260.1,K11244
XP_011395261.1,K11244
XP_011395262.1,K20368
XP_011395263.1,K20368
XP_011395267.1,K00387
XP_011395267.1,K10534
XP_011395268.1,K00387
XP_011395268.1,K10534
XP_011395273.1,K08286
XP_011395274.1,K08286
XP_011395277.1,K12859
XP_011395278.1,K12859
XP_011395281.1,K15855
XP_011395282.1,K15855
XP_011395287.1,K15732
XP_011395288.1,K15732
XP_011395289.1,K05841
XP_011395290.1,K05841
XP_011395291.1,K05841
XP_011395292.1,K17739
XP_011395293.1,K17739
XP_011395294.1,K08518
XP_011395295.1,K08518
XP_011395300.1,K04564
XP_011395301.1,K04564
XP_011395302.1,K14640
XP_011395303.1,K14640
XP_011395308.1,K04091
XP_011395309.1,K04091
XP_011395310.1,K04091
XP_011395313.1,K20465
XP_011395314.1,K20465
XP_011395315.1,K21421
XP_011395316.1,K21421
XP_011395322.1,K02967
XP_011395327.1,K01183
XP_011395328.1,K01183
XP_011395336.1,K10273
XP_011395336.1,K20715
XP_011395336.1,K21867
XP_011395337.1,K10273
XP_011395337.1,K20715
XP_011395337.1,K21867
XP_011395341.1,K15457
XP_011395341.1,K15458
XP_011395341.1,K15501
XP_011395342.1,K15457
XP_011395342.1,K15458
XP_011395342.1,K15501
XP_011395343.1,K15457
XP_011395343.1,K15458
XP_011395343.1,K15501
XP_011395352.1,K00671
XP_011395353.1,K00671
XP_011395357.1,K03750
XP_011395372.1,K15267
XP_011395373.1,K15267
XP_011395378.1,K17968
XP_011395402.1,K01212
XP_955769.1,K04499
XP_955770.2,K04648
XP_955772.2,K03241
XP_955774.2,K11361
XP_955775.2,K21752
XP_955777.1,K03105
XP_955789.2,K03637
XP_955789.2,K03639
XP_955789.2,K20967
XP_955791.1,K09465
XP_955799.1,K09458
XP_955800.1,K17662
XP_955802.1,K14828
XP_955806.1,K03381
XP_955807.3,K19798
XP_955807.3,K19799
XP_955811.3,K16261
XP_955817.3,K01181
XP_955821.1,K06647
XP_955826.3,K17677
XP_955827.1,K13711
XP_955834.1,K07243
XP_955835.1,K19791
XP_955840.1,K03843
XP_955841.3,K04716
XP_955841.3,K04717
XP_955843.1,K03108
XP_955845.1,K11870
XP_955847.1,K04450
XP_955847.1,K09047
XP_955848.1,K10740
XP_955860.2,K01483
XP_955863.1,K05864
XP_955864.3,K07560
XP_955871.1,K16938
XP_955872.1,K02911
XP_955873.3,K12601
XP_955873.3,K12602
XP_955875.1,K13421
XP_955878.2,K13091
XP_955879.1,K19703
XP_955882.1,K19708
XP_955886.2,K13993
XP_955894.1,K20176
XP_955906.2,K09493
XP_955907.2,K01881
XP_955908.1,K17815
XP_955910.1,K00354
XP_955912.1,K03846
XP_955913.1,K14763
XP_955917.2,K14290
XP_955918.1,K00830
XP_955919.1,K07095
XP_955919.1,K18467
XP_955920.2,K19690
XP_955923.1,K18666
XP_955924.1,K18666
XP_955931.1,K03846
XP_955934.1,K14404
XP_955935.1,K03955
XP_955939.3,K02324
XP_955940.1,K18184
XP_955943.1,K02976
XP_955945.2,K01183
XP_955951.1,K14786
XP_955952.1,K07889
XP_955952.1,K07976
XP_955958.2,K00948
XP_955963.1,K01519
XP_955963.1,K18532
XP_955965.3,K01875
XP_955966.1,K07208
XP_955974.2,K02984
XP_955980.3,K03362
XP_955981.1,K12198
XP_955989.1,K00831
XP_955991.1,K05740
XP_955991.1,K11238
XP_955991.1,K17971
XP_955993.1,K04460
XP_955994.2,K14528
XP_955995.3,K15562
XP_955998.2,K11279
XP_955999.1,K00058
XP_956000.1,K13830
XP_956001.1,K08139
XP_956002.2,K11254
XP_956003.1,K11253
XP_956004.2,K13299
XP_956005.1,K12843
XP_956006.2,K02999
XP_956010.3,K06276
XP_956011.3,K06276
XP_956011.3,K11650
XP_956011.3,K11760
XP_956011.3,K11775
XP_956012.1,K16489
XP_956014.1,K01870
XP_956015.1,K08272
XP_956018.1,K06997
XP_956027.1,K17262
XP_956039.1,K15442
XP_956051.1,K11778
XP_956052.2,K11778
XP_956052.2,K19197
XP_956054.1,K02154
XP_956055.1,K03127
XP_956060.1,K19305
XP_956064.3,K15100
XP_956065.1,K17663
XP_956067.3,K00573
XP_956068.2,K03305
XP_956075.1,K11113
XP_956076.1,K20003
XP_956077.2,K03978
XP_956078.1,K18191
XP_956086.2,K12385
XP_956088.1,K01426
XP_956089.2,K18980
XP_956093.1,K14213
XP_956097.1,K21989
XP_956104.1,K05349
XP_956109.2,K19356
XP_956110.2,K10089
XP_956111.1,K00222
XP_956115.1,K08329
XP_956116.2,K07178
XP_956119.2,K13354
XP_956120.3,K20823
XP_956121.1,K02135
XP_956122.2,K00415
XP_956123.1,K03023
XP_956126.1,K16576
XP_956127.3,K15339
XP_956128.1,K02898
XP_956135.1,K13106
XP_956136.2,K03138
XP_956141.2,K07393
XP_956143.2,K03178
XP_956144.2,K09568
XP_956146.2,K19849
XP_956151.3,K03254
XP_956152.2,K07973
XP_956153.3,K07401
XP_956154.2,K06269
XP_956156.1,K11380
XP_956161.2,K00627
XP_956165.3,K11835
XP_956166.2,K01408
XP_956169.1,K03939
XP_956174.2,K02985
XP_956178.1,K20471
XP_956179.2,K03351
XP_956182.1,K01179
XP_956186.1,K09272
XP_956189.2,K03495
XP_956189.2,K12479
XP_956191.2,K04627
XP_956199.1,K06912
XP_956201.2,K14684
XP_956205.1,K15111
XP_956206.3,K15361
XP_956207.3,K04075
XP_956208.1,K14050
XP_956209.3,K12782
XP_956212.1,K08501
XP_956217.1,K03143
XP_956233.2,K07117
XP_956233.2,K11426
XP_956234.1,K03781
XP_956237.1,K22138
XP_956242.3,K20183
XP_956243.3,K14430
XP_956246.2,K14972
XP_956248.1,K08341
XP_956249.2,K00228
XP_956250.1,K03038
XP_956252.2,K16536
XP_956253.3,K00939
XP_956256.1,K06125
XP_956264.3,K08052
XP_956265.1,K12619
XP_956266.1,K11436
XP_956266.1,K20361
XP_956270.2,K00728
XP_956272.3,K17440
XP_956273.1,K19829
XP_956274.3,K17069
XP_956276.2,K01897
XP_956279.2,K02258
XP_956296.1,K20185
XP_956297.1,K10258
XP_956298.1,K11593
XP_956298.1,K12598
XP_956301.2,K18749
XP_956303.1,K07213
XP_956304.2,K06911
XP_956307.1,K08764
XP_956315.1,K04078
XP_956317.1,K02867
XP_956319.3,K11254
XP_956320.3,K00852
XP_956324.3,K20246
XP_956325.1,K03239
XP_956326.1,K20069
XP_956329.1,K14569
XP_956331.3,K00698
XP_956333.2,K00698
XP_956335.1,K11344
XP_956336.3,K10403
XP_956337.3,K05663
XP_956345.1,K18339
XP_956349.1,K16055
XP_956354.1,K01536
XP_956368.1,K14403
XP_956370.1,K09274
XP_956370.1,K22496
XP_956374.1,K18638
XP_956375.3,K05542
XP_956376.3,K13100
XP_956377.2,K09658
XP_956385.1,K09539
XP_956387.3,K10885
XP_956391.3,K03165
XP_956396.2,K01070
XP_956400.1,K11788
XP_956401.1,K15456
XP_956404.1,K10598
XP_956406.1,K00231
XP_956406.1,K18164
XP_956410.1,K03417
XP_956411.2,K08269
XP_956416.1,K05286
XP_956421.2,K05747
XP_956421.2,K19900
XP_956423.2,K04459
XP_956423.2,K14819
XP_956428.1,K19720
XP_956431.1,K19357
XP_956437.1,K15532
XP_956438.1,K21544
XP_956442.2,K18045
XP_956444.1,K09518
XP_956445.1,K01098
XP_956449.1,K02272
XP_956450.1,K06110
XP_956452.1,K17402
XP_956453.1,K07441
XP_956456.2,K14264
XP_956459.2,K00106
XP_956467.2,K17741
XP_956468.3,K08955
XP_956469.1,K12193
XP_956471.1,K12881
XP_956472.2,K00730
XP_956475.1,K08286
XP_956477.1,K11568
XP_956478.1,K02988
XP_956481.2,K00685
XP_956482.1,K07766
XP_956484.1,K12589
XP_956486.2,K08738
XP_956487.1,K14571
XP_956494.1,K01477
XP_956494.1,K01483
XP_956500.3,K04077
XP_956506.2,K11806
XP_956507.1,K03036
XP_956512.2,K12620
XP_956516.3,K06685
XP_956517.1,K02137
XP_956522.2,K00624
XP_956523.3,K12820
XP_956525.1,K11098
XP_956536.3,K10844
XP_956548.2,K11654
XP_956549.1,K03246
XP_956553.1,K00968
XP_956558.2,K11370
XP_956564.1,K01012
XP_956565.3,K09497
XP_956567.1,K09490
XP_956571.3,K03018
XP_956571.3,K21594
XP_956573.1,K02883
XP_956574.1,K14137
XP_956574.1,K14684
XP_956576.3,K00637
XP_956577.2,K17275
XP_956579.2,K15508
XP_956580.1,K12669
XP_956581.1,K19668
XP_956583.1,K17777
XP_956584.1,K14311
XP_956587.2,K13886
XP_956590.1,K02365
XP_956591.1,K19069
XP_956593.1,K05747
XP_956594.1,K18719
XP_956595.2,K12883
XP_956597.1,K11254
XP_956598.1,K03350
XP_956601.1,K00326
XP_956603.2,K07943
XP_956605.1,K15151
XP_956611.1,K02901
XP_956614.1,K00457
XP_956615.2,K03142
XP_956625.1,K11567
XP_956627.2,K09495
XP_956631.1,K01784
XP_956649.1,K01621
XP_956652.1,K01537
XP_956657.1,K05972
XP_956658.1,K11253
XP_956658.1,K11495
XP_956659.1,K13989
XP_956660.1,K08967
XP_956666.3,K03885
XP_956670.2,K12175
XP_956671.2,K12817
XP_956672.1,K14324
XP_956675.3,K10080
XP_956676.2,K03849
XP_956677.2,K03849
XP_956681.1,K13509
XP_956682.1,K09540
XP_956683.1,K09527
XP_956685.1,K11648
XP_956688.3,K11267
XP_956690.1,K00784
XP_956691.1,K12615
XP_956692.2,K03507
XP_956692.2,K15255
XP_956694.3,K03316
XP_956695.1,K17769
XP_956698.1,K19704
XP_956699.1,K12191
XP_956700.1,K06030
XP_956702.3,K01488
XP_956704.2,K04536
XP_956708.3,K03140
XP_956708.3,K15306
XP_956711.1,K01733
XP_956712.1,K04459
XP_956721.2,K14328
XP_956722.1,K15427
XP_956722.1,K15498
XP_956724.1,K05754
XP_956725.3,K18162
XP_956726.1,K11824
XP_956727.2,K17908
XP_956741.1,K08783
XP_956745.1,K03680
XP_956746.2,K02520
XP_956747.2,K08332
XP_956750.2,K17439
XP_956756.1,K08956
XP_956758.3,K14997
XP_956761.2,K04513
XP_956761.2,K07975
XP_956762.2,K02895
XP_956765.2,K01907
XP_956766.1,K00654
XP_956772.2,K12041
XP_956774.1,K19841
XP_956776.1,K03258
XP_956780.2,K15371
XP_956782.2,K01556
XP_956783.3,K02912
XP_956785.3,K01885
XP_956786.1,K09613
XP_956788.1,K15462
XP_956791.1,K09554
XP_956794.2,K02964
XP_956795.1,K14574
XP_956796.1,K13289
XP_956802.1,K07359
XP_956802.1,K21157
XP_956802.1,K21158
XP_956804.3,K00022
XP_956804.3,K08683
XP_956807.1,K03505
XP_956816.3,K11551
XP_956817.3,K03424
XP_956818.1,K10807
XP_956822.1,K21141
XP_956825.1,K07756
XP_956827.1,K14809
XP_956828.2,K16368
XP_956830.1,K22243
XP_956834.1,K06027
XP_956840.1,K02998
XP_956842.1,K02146
XP_956843.1,K14565
XP_956848.2,K09550
XP_956852.1,K11553
XP_956856.1,K18328
XP_956862.1,K00128
XP_956862.1,K00129
XP_956863.2,K22485
XP_956870.3,K20310
XP_956872.1,K01653
XP_956873.3,K00611
XP_956875.2,K11436
XP_956876.1,K17553
XP_956880.2,K15296
XP_956881.1,K14794
XP_956886.1,K01535
XP_956898.1,K01647
XP_956901.3,K15560
XP_956902.3,K07478
XP_956902.3,K14400
XP_956908.1,K14309
XP_956911.1,K15444
XP_956914.1,K14859
XP_956915.1,K14777
XP_956918.1,K06883
XP_956919.1,K03009
XP_956921.2,K18097
XP_956922.1,K19881
XP_956924.1,K13280
XP_956925.2,K19953
XP_956930.1,K13280
XP_956933.1,K09702
XP_956934.1,K15196
XP_956945.3,K16794
XP_956946.3,K16803
XP_956947.1,K12765
XP_956950.3,K04794
XP_956951.1,K14768
XP_956952.1,K14799
XP_956960.1,K03189
XP_956961.1,K01889
XP_956963.2,K13577
XP_956964.1,K03011
XP_956965.1,K03687
XP_956966.2,K01178
XP_956971.2,K11595
XP_956972.2,K07904
XP_956972.2,K07905
XP_956973.3,K14820
XP_956974.3,K11407
XP_956977.1,K00134
XP_956992.1,K22193
XP_956995.1,K04709
XP_956997.3,K05661
XP_957008.3,K03255
XP_957014.1,K15325
XP_957016.2,K07238
XP_957017.1,K01173
XP_957025.3,K09191
XP_957028.3,K11314
XP_957029.1,K00965
XP_957031.1,K10251
XP_957032.1,K14312
XP_957035.2,K06035
XP_957037.2,K16261
XP_957039.1,K07023
XP_957043.1,K00387
XP_957048.1,K05994
XP_957050.1,K18798
XP_957052.1,K01100
XP_957063.1,K05972
XP_957064.3,K05349
XP_957064.3,K15564
XP_957069.2,K01183
XP_957079.1,K01739
XP_957081.1,K01889
XP_957084.2,K01613
XP_957090.1,K01225
XP_957103.1,K12864
XP_957104.1,K02152
XP_957105.1,K18188
XP_957106.3,K03010
XP_957115.2,K01657
XP_957121.1,K10747
XP_957122.1,K00161
XP_957123.1,K03361
XP_957125.1,K03005
XP_957126.2,K06641
XP_957126.2,K08286
XP_957126.2,K08794
XP_957126.2,K12776
XP_957128.2,K11786
XP_957129.1,K03062
XP_957133.1,K04630
XP_957133.1,K19860
XP_957135.1,K17784
XP_957136.1,K14862
XP_957138.1,K13172
XP_957140.3,K03099
XP_957148.1,K05288
XP_957152.1,K00549
XP_957161.3,K06654
XP_957164.2,K08504
XP_957169.1,K11270
XP_957170.1,K18696
XP_957174.1,K15628
XP_957176.3,K00681
XP_957179.2,K18584
XP_957180.1,K08657
XP_957182.1,K19654
XP_957184.2,K17411
XP_957188.3,K03934
XP_957190.3,K01102
XP_957194.2,K10880
XP_957194.2,K10958
XP_957195.1,K03021
XP_957199.1,K02877
XP_957202.1,K22074
XP_957206.1,K03858
XP_957210.2,K08257
XP_957211.1,K01057
XP_957212.1,K01101
XP_957219.1,K15176
XP_957225.1,K07541
XP_957228.1,K03695
XP_957229.2,K07565
XP_957230.2,K00931
XP_957231.3,K18156
XP_957232.2,K08850
XP_957236.2,K01262
XP_957238.2,K01867
XP_957238.2,K02946
XP_957241.2,K19985
XP_957245.3,K05012
XP_957246.2,K01267
XP_957252.3,K03262
XP_957255.1,K00859
XP_957264.2,K00128
XP_957264.2,K00129
XP_957271.2,K02134
XP_957273.3,K12345
XP_957275.3,K06944
XP_957281.3,K17656
XP_957290.3,K14846
XP_957291.2,K01880
XP_957292.1,K08286
XP_957292.1,K19833
XP_957293.1,K16315
XP_957296.1,K03265
XP_957299.2,K02938
XP_957300.2,K00856
XP_957303.1,K12873
XP_957304.3,K03950
XP_957305.1,K03020
XP_957306.1,K09537
XP_957309.1,K14778
XP_957310.3,K08294
XP_957315.1,K22073
XP_957319.1,K06176
XP_957320.1,K05765
XP_957321.1,K11702
XP_957323.2,K02951
XP_957327.3,K17900
XP_957328.2,K10644
XP_957329.1,K10843
XP_957332.1,K21618
XP_957335.2,K05012
XP_957337.1,K15174
XP_957339.1,K07511
XP_957341.1,K02884
XP_957343.1,K01738
XP_957344.2,K11664
XP_957348.1,K01893
XP_957351.2,K01078
XP_957354.2,K11559
XP_957356.3,K04713
XP_957359.3,K14572
XP_957360.1,K02935
XP_957361.1,K15565
XP_957362.2,K00286
XP_957363.1,K11303
XP_957364.3,K14715
XP_957378.2,K15428
XP_957381.1,K01493
XP_957381.1,K01663
XP_957390.1,K01809
XP_957391.1,K03004
XP_957396.1,K17260
XP_957398.1,K07941
XP_957399.1,K11364
XP_957401.1,K00613
XP_957404.2,K12735
XP_957407.1,K02974
XP_957413.1,K01497
XP_957415.2,K19668
XP_957421.1,K10427
XP_957422.1,K18064
XP_957430.2,K02575
XP_957431.2,K03963
XP_957446.1,K19692
XP_957450.3,K01181
XP_957455.1,K06628
XP_957456.1,K19932
XP_957457.1,K01897
XP_957458.2,K21806
XP_957462.1,K01702
XP_957464.1,K02151
XP_957466.2,K07117
XP_957472.1,K22276
XP_957477.1,K00863
XP_957478.1,K01624
XP_957479.2,K00020
XP_957479.2,K11419
XP_957481.1,K17301
XP_957482.2,K12877
XP_957484.1,K15430
XP_957485.2,K14530
XP_957486.1,K06867
XP_957487.1,K14679
XP_957488.1,K00766
XP_957489.1,K02864
XP_957491.2,K03065
XP_957503.3,K06667
XP_957503.3,K07760
XP_957504.2,K20042
XP_957505.3,K06679
XP_957505.3,K18203
XP_957506.1,K17807
XP_957507.1,K01302
XP_957510.3,K14708
XP_957512.1,K16261
XP_957516.1,K14776
XP_957519.1,K01784
XP_957519.1,K01785
XP_957520.2,K00344
XP_957522.2,K15173
XP_957526.1,K20062
XP_957527.1,K20523
XP_957528.1,K08504
XP_957529.1,K12486
XP_957530.2,K07305
XP_957531.3,K11763
XP_957532.1,K17742
XP_957537.2,K12189
XP_957538.3,K11547
XP_957540.1,K13343
XP_957544.2,K09043
XP_957546.1,K14800
XP_957547.1,K17290
XP_957548.2,K03137
XP_957550.2,K10364
XP_957552.1,K00167
XP_957553.1,K01210
XP_957560.3,K08900
XP_957561.1,K01641
XP_957563.2,K20780
XP_957565.3,K17413
XP_957568.1,K01897
XP_957574.1,K00003
XP_957575.1,K03439
XP_957575.1,K17887
XP_957576.3,K17887
XP_957586.3,K10591
XP_957588.1,K00459
XP_957591.3,K14559
XP_957592.1,K03940
XP_957594.3,K01115
XP_957595.1,K15178
XP_957596.1,K06134
XP_957600.1,K14788
XP_957601.2,K15165
XP_957602.1,K00772
XP_957603.1,K18932
XP_957605.1,K07870
XP_957609.1,K00861
XP_957610.1,K00565
XP_957611.1,K03037
XP_957612.2,K00814
XP_957613.2,K12398
XP_957616.1,K21632
XP_957617.2,K11324
XP_957618.1,K20346
XP_957622.2,K14300
XP_957623.1,K18798
XP_957624.3,K03679
XP_957625.1,K00645
XP_957629.2,K11839
XP_957630.3,K12182
XP_957632.1,K11585
XP_957634.1,K06210
XP_957635.1,K04567
XP_957637.1,K14816
XP_957642.2,K19357
XP_957647.1,K00354
XP_957647.1,K13220
XP_957650.2,K11293
XP_957652.1,K03854
XP_957655.1,K14864
XP_957656.1,K14805
XP_957658.1,K10428
XP_957659.1,K03942
XP_957662.2,K11294
XP_957663.2,K19572
XP_957665.1,K09464
XP_957666.1,K06158
XP_957669.2,K07375
XP_957674.3,K09291
XP_957676.1,K10253
XP_957678.2,K14004
XP_957680.2,K05389
XP_957683.3,K02933
XP_957684.2,K01082
XP_957686.1,K14334
XP_957687.1,K03381
XP_957688.3,K10643
XP_957689.1,K03936
XP_957692.1,K00380
XP_957693.2,K11173
XP_957696.1,K13199
XP_957701.3,K08287
XP_957703.2,K00784
XP_957704.2,K20832
XP_957708.3,K01120
XP_957713.1,K08502
XP_957714.3,K10436
XP_957728.2,K10426
XP_957729.1,K02993
XP_957731.1,K00002
XP_957732.2,K01937
XP_957735.1,K22075
XP_957740.1,K11423
XP_957743.3,K10609
XP_957744.2,K14310
XP_957745.3,K04728
XP_957746.1,K10666
XP_957747.2,K02332
XP_957748.1,K20526
XP_957749.2,K18160
XP_957751.1,K20288
XP_957764.2,K03426
XP_957765.1,K02865
XP_957767.1,K07117
XP_957767.1,K11426
XP_957770.1,K13239
XP_957772.1,K14767
XP_957773.3,K00039
XP_957773.3,K04708
XP_957779.1,K15264
XP_957781.1,K11788
XP_957781.1,K15201
XP_957786.1,K02905
XP_957790.1,K14522
XP_957795.2,K20410
XP_957805.1,K03678
XP_957806.1,K12863
XP_957807.1,K14550
XP_957808.1,K14834
XP_957811.1,K11215
XP_957816.1,K20403
XP_957817.2,K01824
XP_957819.2,K12834
XP_957821.1,K08726
XP_957823.1,K14802
XP_957826.1,K03781
XP_957827.2,K15014
XP_957828.3,K17775
XP_957829.2,K19786
XP_957830.1,K11341
XP_957832.1,K12868
XP_957838.1,K18103
XP_957863.3,K08851
XP_957864.1,K11205
XP_957869.1,K20520
XP_957875.2,K20465
XP_957876.3,K11874
XP_957879.3,K06669
XP_957881.1,K05236
XP_957882.1,K03031
XP_957887.3,K13939
XP_957887.3,K13941
XP_957890.3,K03282
XP_957892.2,K18573
XP_957893.3,K02309
XP_957907.1,K02730
XP_957916.2,K08330
XP_957918.1,K18106
XP_957919.2,K00432
XP_957924.2,K01183
XP_957927.3,K19791
XP_957931.2,K08257
XP_957939.2,K04563
XP_957939.2,K05916
XP_957941.1,K00560
XP_957943.3,K06901
XP_957953.2,K10576
XP_957955.2,K00606
XP_957956.3,K08336
XP_957961.3,K10771
XP_957965.3,K10416
XP_957967.2,K01126
XP_957971.1,K22384
XP_957972.1,K22384
XP_957975.3,K11130
XP_957976.3,K11883
XP_957979.1,K00654
XP_957980.1,K00706
XP_957990.1,K00101
XP_957993.1,K02736
XP_957994.3,K00820
XP_957995.1,K21631
XP_958006.1,K19307
XP_958012.2,K15205
XP_958013.2,K07297
XP_958016.1,K14325
XP_958018.1,K03235
XP_958021.1,K21890
XP_958022.2,K07304
XP_958024.2,K00505
XP_958025.1,K20826
XP_958032.1,K01216
XP_958035.1,K01098
XP_958036.1,K03032
XP_958039.1,K14394
XP_958040.2,K04464
XP_958041.1,K14549
XP_958042.2,K22213
XP_958045.3,K11866
XP_958047.1,K04798
XP_958048.1,K12196
XP_958049.2,K14564
XP_958052.1,K12274
XP_958053.1,K14839
XP_958068.3,K00549
XP_958070.1,K08712
XP_958075.3,K01893
XP_958077.1,K14007
XP_958084.1,K17967
XP_958085.1,K22071
XP_958086.1,K17967
XP_958094.1,K15530
XP_958105.1,K03964
XP_958108.1,K19305
XP_958122.2,K21594
XP_958128.2,K00274
XP_958133.1,K04082
XP_958134.1,K12178
XP_958142.2,K02738
XP_958143.1,K17783
XP_958143.1,K17891
XP_958148.1,K14397
XP_958152.2,K00683
XP_958165.1,K18786
XP_958171.3,K22134
XP_958179.2,K01190
XP_958184.1,K15443
XP_958186.3,K02349
XP_958188.1,K00480
XP_958193.1,K19386
XP_958194.1,K19054
XP_958196.1,K14807
XP_958197.1,K03857
XP_958209.2,K15920
XP_958218.3,K02183
XP_958220.1,K13103
XP_958227.1,K13690
XP_958234.1,K19069
XP_958235.1,K01181
XP_958250.2,K00227
XP_958254.1,K19356
XP_958256.2,K05019
XP_958268.2,K19718
XP_958270.2,K13511
XP_958271.2,K13125
XP_958272.1,K13704
XP_958273.1,K11365
XP_958274.1,K06655
XP_958274.1,K08282
XP_958279.2,K01358
XP_958280.1,K01687
XP_958282.2,K10405
XP_958282.2,K17945
XP_958288.3,K02325
XP_958302.1,K11681
XP_958308.1,K20989
XP_958310.1,K01433
XP_958315.3,K14439
XP_958318.2,K02917
XP_958320.3,K00036
XP_958321.3,K15156
XP_958331.1,K01235
XP_958354.1,K01067
XP_958356.1,K21440
XP_958359.1,K20844
XP_958364.1,K10661
XP_958368.1,K19356
XP_958369.1,K03362
XP_958379.1,K05953
XP_958396.1,K05535
XP_958407.1,K01537
XP_958407.1,K14950
XP_958408.1,K00026
XP_958412.2,K01279
XP_958415.1,K09503
XP_958421.2,K03257
XP_958422.1,K12881
XP_958429.1,K11134
XP_958429.1,K17922
XP_958432.3,K03507
XP_958443.1,K06677
XP_958445.2,K11353
XP_958450.2,K01845
XP_958466.1,K10770
XP_958476.3,K09243
XP_958476.3,K21547
XP_958477.3,K14766
XP_958483.1,K08856
XP_958486.1,K05275
XP_958488.1,K01191
XP_958500.2,K01187
XP_958505.2,K03434
XP_958507.2,K12622
XP_958509.1,K20059
XP_958511.2,K15505
XP_958512.3,K18163
XP_958516.1,K14848
XP_958524.1,K11309
XP_958525.1,K17437
XP_958526.1,K05302
XP_958539.1,K12274
XP_958548.3,K01866
XP_958549.1,K00236
XP_958550.1,K03131
XP_958562.1,K05607
XP_958567.2,K06675
XP_958569.1,K18578
XP_958570.3,K01190
XP_958573.1,K08493
XP_958574.1,K07542
XP_958575.1,K13115
XP_958582.2,K20100
XP_958583.1,K19356
XP_958586.1,K11593
XP_958587.1,K14408
XP_958588.1,K10753
XP_958589.1,K14544
XP_958590.1,K12600
XP_958591.1,K15364
XP_958595.2,K05658
XP_958604.1,K01148
XP_958604.1,K17427
XP_958605.1,K17427
XP_958607.2,K02921
XP_958609.1,K08197
XP_958612.1,K09500
XP_958617.3,K01881
XP_958619.2,K14832
XP_958620.2,K00860
XP_958621.1,K00860
XP_958622.2,K02148
XP_958630.1,K18123
XP_958631.3,K00505
XP_958633.1,K01288
XP_958635.3,K00568
XP_958635.3,K00591
XP_958636.1,K02858
XP_958637.2,K10563
XP_958638.1,K13507
XP_958647.1,K11099
XP_958665.3,K12761
XP_958670.1,K14545
XP_958689.1,K06185
XP_958694.1,K00943
XP_958695.3,K01495
XP_958696.1,K03135
XP_958709.1,K00981
XP_958712.1,K07513
XP_958718.1,K01198
XP_958722.2,K01061
XP_958723.1,K18730
XP_958725.1,K01081
XP_958729.1,K05972
XP_958730.1,K05972
XP_958734.1,K10775
XP_958743.1,K18387
XP_958749.1,K00276
XP_958750.1,K14674
XP_958757.1,K01273
XP_958758.1,K02952
XP_958764.1,K00297
XP_958765.2,K03259
XP_958766.2,K12847
XP_958767.1,K01062
XP_958771.1,K10997
XP_958772.1,K00074
XP_958781.1,K00966
XP_958783.2,K03361
XP_958783.2,K22071
XP_958786.1,K02728
XP_958788.1,K15148
XP_958789.1,K13104
XP_958799.1,K09827
XP_958803.1,K08770
XP_958807.2,K05954
XP_958811.1,K00966
XP_958813.3,K00864
XP_958826.3,K01890
XP_958829.3,K09043
XP_958830.1,K20289
XP_958831.1,K02863
XP_958832.1,K01885
XP_958834.2,K00791
XP_958835.1,K10956
XP_958836.1,K01705
XP_958840.2,K12394
XP_958844.2,K18637
XP_958853.1,K20463
XP_958854.1,K11292
XP_958858.1,K11231
XP_958858.1,K19691
XP_958860.2,K03064
XP_958871.1,K12767
XP_958873.1,K03251
XP_958874.3,K03251
XP_958874.3,K15340
XP_958876.1,K11315
XP_958877.1,K15108
XP_958879.1,K04564
XP_958891.1,K02136
XP_958892.1,K11450
XP_958892.1,K13366
XP_958892.1,K20182
XP_958893.2,K20182
XP_958894.2,K10688
XP_958901.2,K18176
XP_958903.1,K14837
XP_958904.2,K07374
XP_958911.2,K21768
XP_958913.1,K05275
XP_958914.1,K10415
XP_958915.1,K01549
XP_958926.1,K19029
XP_958928.1,K13179
XP_958931.1,K13210
XP_958939.1,K09499
XP_958941.1,K18579
XP_958944.1,K01785
XP_958945.3,K10747
XP_958946.1,K15028
XP_958947.1,K14801
XP_958948.1,K09498
XP_958949.2,K05906
XP_958950.1,K15445
XP_958954.1,K00697
XP_958957.2,K01444
XP_958971.1,K00108
XP_958972.1,K02434
XP_958973.1,K09252
XP_958975.2,K01230
XP_958981.2,K12661
XP_958982.3,K18337
XP_958987.1,K07119
XP_958988.2,K17742
XP_959001.2,K08516
XP_959008.1,K17871
XP_959010.3,K01771
XP_959011.2,K14376
XP_959013.1,K10703
XP_959017.1,K07942
XP_959018.2,K02924
XP_959020.1,K18187
XP_959028.1,K18624
XP_959029.1,K12581
XP_959030.1,K03959
XP_959032.1,K03264
XP_959036.3,K01210
XP_959043.1,K12346
XP_959044.2,K01533
XP_959055.2,K10839
XP_959056.1,K15198
XP_959059.2,K05658
XP_959060.1,K14815
XP_959061.1,K11093
XP_959062.1,K17424
XP_959063.1,K01803
XP_959064.1,K14770
XP_959069.3,K13983
XP_959069.3,K18422
XP_959071.1,K06965
XP_959085.1,K01199
XP_959093.1,K01556
XP_959111.2,K01225
XP_959111.2,K19357
XP_959116.1,K11121
XP_959116.1,K20247
XP_959118.2,K15502
XP_959127.1,K05972
XP_959136.1,K00999
XP_959141.2,K09420
XP_959141.2,K21769
XP_959147.1,K17498
XP_959152.1,K11360
XP_959153.3,K04618
XP_959155.2,K11701
XP_959160.2,K12668
XP_959164.3,K20195
XP_959165.2,K11663
XP_959167.1,K09580
XP_959172.2,K13721
XP_959176.1,K10601
XP_959179.1,K04487
XP_959180.2,K12562
XP_959187.1,K20815
XP_959189.1,K01101
XP_959189.1,K02685
XP_959190.1,K17053
XP_959192.1,K18588
XP_959195.2,K12396
XP_959197.3,K00773
XP_959200.2,K01505
XP_959205.3,K08339
XP_959217.2,K01187
XP_959219.3,K00799
XP_959223.2,K01518
XP_959225.1,K02307
XP_959226.1,K09131
XP_959227.1,K11187
XP_959228.1,K01027
XP_959229.2,K11968
XP_959230.3,K13108
XP_959236.1,K03006
XP_959239.1,K02969
XP_959240.1,K18667
XP_959241.2,K18716
XP_959252.1,K00059
XP_959261.2,K01892
XP_959265.1,K03458
XP_959268.2,K12816
XP_959270.1,K01265
XP_959271.3,K00486
XP_959276.3,K15172
XP_959279.1,K01181
XP_959285.3,K01887
XP_959306.1,K01697
XP_959307.3,K12272
XP_959308.3,K20032
XP_959315.1,K07241
XP_959318.1,K00012
XP_959371.1,K18097
XP_959386.1,K00108
XP_959388.1,K00344
XP_959391.1,K08496
XP_959392.2,K00949
XP_959393.1,K17782
XP_959400.1,K05349
XP_959401.1,K06004
XP_959411.2,K08139
XP_959417.2,K05610
XP_959418.1,K01011
XP_959431.1,K08257
XP_959435.2,K01739
XP_959438.1,K08342
XP_959440.1,K11252
XP_959442.1,K11251
XP_959443.1,K00658
XP_959444.1,K17417
XP_959445.3,K01764
XP_959454.1,K01679
XP_959457.1,K07192
XP_959459.2,K03348
XP_959460.1,K20184
XP_959465.2,K01209
XP_959469.1,K12494
XP_959470.2,K10875
XP_959471.1,K11718
XP_959484.3,K22248
XP_959486.3,K10734
XP_959492.2,K01082
XP_959496.1,K06947
XP_959499.1,K19356
XP_959499.1,K22032
XP_959501.2,K10631
XP_959510.3,K09569
XP_959510.3,K09577
XP_959514.1,K06990
XP_959521.1,K08852
XP_959522.1,K22381
XP_959523.1,K15223
XP_959526.2,K09494
XP_959527.1,K03253
XP_959528.1,K10256
XP_959530.1,K20167
XP_959533.3,K03104
XP_959534.2,K17583
XP_959535.2,K00382
XP_959535.2,K17583
XP_959536.3,K13076
XP_959541.3,K15859
XP_959546.2,K20296
XP_959548.1,K15414
XP_959550.1,K14860
XP_959551.1,K10746
XP_959553.1,K15620
XP_959556.3,K01027
XP_959558.3,K01536
XP_959559.2,K03317
XP_959562.3,K08073
XP_959562.3,K08075
XP_959564.2,K01113
XP_959573.2,K08139
XP_959584.1,K20465
XP_959592.1,K01382
XP_959594.1,K19996
XP_959596.1,K03240
XP_959598.1,K00679
XP_959599.2,K00670
XP_959601.1,K02961
XP_959603.2,K20293
XP_959604.1,K17907
XP_959605.1,K15113
XP_959606.1,K09523
XP_959610.2,K01183
XP_959612.1,K01092
XP_959613.1,K03786
XP_959614.1,K00457
XP_959615.3,K09484
XP_959619.1,K02201
XP_959623.1,K05291
XP_959625.1,K03232
XP_959627.2,K20794
XP_959628.1,K02919
XP_959629.1,K11805
XP_959630.1,K18185
XP_959631.1,K17973
XP_959636.1,K03126
XP_959637.1,K03033
XP_959637.1,K03126
XP_959638.3,K20307
XP_959639.1,K08963
XP_959640.1,K01438
XP_959641.1,K11713
XP_959643.1,K08735
XP_959643.1,K19476
XP_959644.1,K15445
XP_959645.1,K02684
XP_959650.1,K14819
XP_959654.1,K01755
XP_959658.1,K20858
XP_959666.2,K10638
XP_959669.2,K00102
XP_959670.1,K08257
XP_959674.1,K01176
XP_959675.3,K00749
XP_959676.3,K01673
XP_959678.3,K08737
XP_959681.3,K07393
XP_959682.1,K03256
XP_959683.1,K05756
XP_959690.1,K00218
XP_959690.1,K11153
XP_959691.3,K08157
XP_959705.1,K06963
XP_959707.3,K14289
XP_959711.1,K14007
XP_959715.1,K01719
XP_959716.1,K17783
XP_959716.1,K18182
XP_959717.3,K01568
XP_959722.2,K12614
XP_959723.1,K18587
XP_959725.2,K03469
XP_959727.1,K00463
XP_959728.1,K12183
XP_959732.2,K01431
XP_959732.2,K11206
XP_959733.1,K11213
XP_959737.2,K00505
XP_959745.1,K03782
XP_959748.1,K01809
XP_959751.3,K01951
XP_959755.1,K09983
XP_959773.1,K15109
XP_959775.3,K11756
XP_959778.1,K20222
XP_959785.1,K14821
XP_959787.1,K01681
XP_959789.2,K05289
XP_959790.3,K01184
XP_959790.3,K01213
XP_959791.2,K14854
XP_959794.3,K03953
XP_959795.1,K03039
XP_959796.2,K11366
XP_959800.1,K10301
XP_959802.2,K17103
XP_959805.1,K18561
XP_959806.2,K07034
XP_959810.1,K02981
XP_959812.2,K10867
XP_959812.2,K10868
XP_959814.1,K00326
XP_959820.1,K05284
XP_959825.1,K22151
XP_959826.1,K22149
XP_959830.3,K11236
XP_959844.1,K01487
XP_959849.1,K00509
XP_959849.1,K11987
XP_959849.1,K17862
XP_959849.1,K17864
XP_959852.1,K11701
XP_959864.3,K01176
XP_959867.2,K12200
XP_959879.1,K04091
XP_959880.1,K03250
XP_959881.1,K17430
XP_959882.1,K11771
XP_959885.1,K14557
XP_959888.1,K02429
XP_959891.1,K00558
XP_959893.1,K11304
XP_959893.1,K11307
XP_959893.1,K11401
XP_959894.1,K02128
XP_959896.1,K15633
XP_959900.1,K12591
XP_959901.3,K01104
XP_959904.1,K03063
XP_959906.1,K11561
XP_959912.1,K20290
XP_959913.1,K15109
XP_959914.1,K20474
XP_959917.1,K01381
XP_959918.1,K00600
XP_959920.1,K11359
XP_959925.2,K11849
XP_959927.3,K08794
XP_959930.1,K15561
XP_959933.2,K06689
XP_959935.1,K00252
XP_959937.1,K18179
XP_959938.1,K20318
XP_959939.2,K00889
XP_959940.1,K01466
XP_959943.2,K07119
XP_959946.2,K01613
XP_959949.1,K05355
XP_959961.1,K15026
XP_959965.2,K02519
XP_959966.1,K09140
XP_959967.1,K12404
XP_959974.1,K01580
XP_959974.1,K14790
XP_959980.1,K14790
XP_959984.3,K05767
XP_959985.1,K01621
XP_959997.2,K06867
XP_959999.1,K15877
XP_960003.2,K02257
XP_960004.2,K00616
XP_960006.3,K10401
XP_960011.3,K12614
XP_960015.3,K03379
XP_960028.3,K03854
XP_960030.1,K17866
XP_960035.3,K14209
XP_960037.1,K11836
XP_960038.1,K22068
XP_960040.1,K00799
XP_960041.3,K02537
XP_960042.1,K14811
XP_960043.3,K06316
XP_960057.1,K12857
XP_960062.1,K18995
XP_960064.2,K02885
XP_960070.1,K14753
XP_960076.1,K02269
XP_960079.1,K09704
XP_960080.2,K19720
XP_960090.1,K16261
XP_960096.2,K01230
XP_960097.1,K19525
XP_960103.1,K03320
XP_960117.1,K04563
XP_960118.3,K01426
XP_960118.3,K10765
XP_960126.1,K15272
XP_960135.1,K00128
XP_960142.1,K07755
XP_960144.2,K00480
XP_960146.1,K17422
XP_960147.1,K14567
XP_960152.1,K03936
XP_960153.2,K16466
XP_960155.2,K01610
XP_960160.2,K10675
XP_960161.1,K08496
XP_960162.1,K00551
XP_960166.3,K14262
XP_960167.1,K17795
XP_960168.1,K01424
XP_960168.1,K13051
XP_960171.3,K08139
XP_960176.1,K07762
XP_960179.1,K06127
XP_960181.2,K00166
XP_960187.1,K01939
XP_960190.1,K15272
XP_960191.2,K15271
XP_960203.3,K01883
XP_960204.1,K00480
XP_960205.1,K05292
XP_960211.3,K20221
XP_960214.1,K01674
XP_960217.1,K00311
XP_960219.1,K03120
XP_960221.1,K12842
XP_960224.2,K17878
XP_960225.2,K13343
XP_960227.1,K01673
XP_960228.2,K02936
XP_960229.1,K14168
XP_960231.3,K11306
XP_960231.3,K11378
XP_960232.2,K12471
XP_960255.2,K00480
XP_960273.1,K22470
XP_960280.3,K19852
XP_960283.1,K20308
XP_960287.2,K00826
XP_960288.1,K17541
XP_960295.1,K19365
XP_960297.1,K17803
XP_960299.1,K12604
XP_960302.2,K22148
XP_960312.2,K16261
XP_960313.1,K01181
XP_960327.3,K08793
XP_960329.2,K18102
XP_960329.2,K18334
XP_960331.1,K10849
XP_960332.1,K01230
XP_960334.2,K12893
XP_960334.2,K14651
XP_960335.1,K14810
XP_960336.1,K12606
XP_960341.1,K01180
XP_960347.1,K01876
XP_960347.1,K22503
XP_960355.3,K17877
XP_960356.3,K12349
XP_960359.3,K20524
XP_960360.1,K01443
XP_960361.3,K01207
XP_960362.3,K02564
XP_960363.1,K00844
XP_960368.3,K03657
XP_960371.2,K01537
XP_960372.1,K11121
XP_960373.2,K10736
XP_960379.1,K18123
XP_960386.3,K21641
XP_960391.1,K00077
XP_960396.3,K15110
XP_960399.2,K08331
XP_960400.1,K04705
XP_960406.1,K06656
XP_960406.1,K06657
XP_960409.2,K01210
XP_960410.1,K14297
XP_960410.1,K18720
XP_960413.3,K14782
XP_960414.1,K03593
XP_960420.3,K12839
XP_960422.1,K07513
XP_960423.1,K03841
XP_960425.1,K13126
XP_960426.3,K10589
XP_960427.1,K16231
XP_960432.1,K02992
XP_960436.1,K17605
XP_960440.3,K16302
XP_960441.2,K01759
XP_960443.1,K02259
XP_960447.1,K03115
XP_960454.1,K08165
XP_960461.1,K00451
XP_960475.1,K11493
XP_960476.1,K20363
XP_960477.1,K17805
XP_960478.1,K01942
XP_960480.1,K00276
XP_960484.3,K17362
XP_960485.3,K03144
XP_960499.1,K01555
XP_960504.1,K07101
XP_960504.1,K19836
XP_960510.1,K01626
XP_960516.1,K02873
XP_960520.1,K07513
XP_960539.2,K05349
XP_960550.2,K03514
XP_960553.1,K08711
XP_960553.1,K08712
XP_960554.3,K04554
XP_960556.1,K00062
XP_960560.3,K18195
XP_960561.1,K02979
XP_960562.3,K08869
XP_960563.1,K01764
XP_960568.1,K08288
XP_960570.2,K07203
XP_960578.1,K02932
XP_960579.2,K01253
XP_960580.2,K11841
XP_960582.1,K00463
XP_960584.1,K03218
XP_960584.1,K15507
XP_960586.3,K19791
XP_960593.1,K11322
XP_960596.1,K07199
XP_960597.1,K15171
XP_960598.2,K13102
XP_960605.1,K09250
XP_960608.2,K17906
XP_960609.1,K04712
XP_960610.3,K06661
XP_960610.3,K15322
XP_960615.1,K07025
XP_960618.2,K21642
XP_960620.2,K12393
XP_960622.2,K01183
XP_960626.1,K18342
XP_960627.3,K21552
XP_960632.1,K05019
XP_960639.1,K18693
XP_960643.1,K03106
XP_960648.1,K03026
XP_960649.1,K03190
XP_960650.3,K06671
XP_960653.2,K12386
XP_960658.1,K05349
XP_960660.2,K01254
XP_960667.3,K20280
XP_960670.1,K02437
XP_960671.3,K06682
XP_960675.1,K11129
XP_960676.1,K03754
XP_960678.2,K09780
XP_960684.1,K02942
XP_960685.2,K01908
XP_960690.1,K03627
XP_960695.2,K00804
XP_960696.1,K07059
XP_960697.1,K00121
XP_960699.3,K10773
XP_960701.3,K09240
XP_960704.3,K06942
XP_960712.1,K03938
XP_960713.1,K20473
XP_960713.1,K20475
XP_960714.1,K11594
XP_960714.1,K11675
XP_960717.3,K10777
XP_960719.1,K14793
XP_960723.1,K05012
XP_960723.1,K14798
XP_960724.1,K14539
XP_960729.1,K02931
XP_960732.2,K15710
XP_960738.1,K15071
XP_960739.1,K02202
XP_960741.3,K20168
XP_960744.3,K05857
XP_960745.3,K20028
XP_960746.2,K10578
XP_960747.2,K03364
XP_960749.1,K01581
XP_960750.1,K06972
XP_960754.1,K17972
XP_960762.1,K01216
XP_960763.2,K11826
XP_960767.3,K08994
XP_960770.1,K19668
XP_960772.2,K22140
XP_960773.3,K18802
XP_960774.1,K14823
XP_960777.1,K15204
XP_960785.1,K02908
XP_960786.1,K02866
XP_960790.1,K14191
XP_960795.1,K12813
XP_960795.1,K12814
XP_960802.3,K22133
XP_960805.2,K01247
XP_960807.1,K00417
XP_960808.1,K15115
XP_960809.2,K12840
XP_960812.1,K14570
XP_960813.3,K17080
XP_960814.1,K00418
XP_960819.1,K12194
XP_960827.1,K11131
XP_960831.2,K12177
XP_960835.1,K00147
XP_960837.1,K12763
XP_960840.2,K00764
XP_960845.1,K01194
XP_960853.3,K20098
XP_960854.1,K01637
XP_960859.1,K12608
XP_960860.1,K07390
XP_960861.1,K01796
XP_960862.1,K17065
XP_960863.3,K22382
XP_960866.1,K18423
XP_960877.1,K10389
XP_960877.1,K18722
XP_960879.1,K10845
XP_960880.1,K12663
XP_960886.1,K11376
XP_960888.1,K08517
XP_960892.1,K02725
XP_960894.2,K13950
XP_960895.1,K20306
XP_960897.1,K01551
XP_960898.1,K15541
XP_960899.1,K02619
XP_960900.3,K01288
XP_960901.3,K02835
XP_960902.1,K01867
XP_960904.2,K01915
XP_960906.2,K13566
XP_960907.1,K00797
XP_960908.1,K02891
XP_960909.1,K15109
XP_960910.1,K05287
XP_960911.1,K05287
XP_960912.3,K01904
XP_960913.1,K01858
XP_960920.3,K01493
XP_960921.1,K18724
XP_960924.1,K12948
XP_960925.3,K12618
XP_960926.3,K11594
XP_960927.1,K02604
XP_960927.1,K06199
XP_960931.2,K06201
XP_960934.3,K03353
XP_960935.2,K01907
XP_960936.3,K08874
XP_960944.2,K16572
XP_960945.1,K03854
XP_960946.3,K13124
XP_960949.1,K01953
XP_960950.1,K15040
XP_960952.2,K01265
XP_960958.3,K16794
XP_960959.2,K00604
XP_960962.3,K01288
XP_960964.2,K00226
XP_960965.1,K16570
XP_960966.1,K11362
XP_960967.1,K11272
XP_960972.1,K03114
XP_960973.1,K02540
XP_960974.1,K11979
XP_960974.1,K16261
XP_960980.2,K13281
XP_960982.3,K10798
XP_960986.1,K00469
XP_960988.3,K08141
XP_960991.1,K00030
XP_960991.1,K02899
XP_960994.2,K10752
XP_961009.1,K10245
XP_961009.1,K10246
XP_961012.1,K01117
XP_961012.1,K12350
XP_961015.1,K01054
XP_961016.3,K09174
XP_961016.3,K09175
XP_961017.1,K17279
XP_961018.3,K08284
XP_961019.2,K06910
XP_961021.1,K16219
XP_961022.1,K15322
XP_961023.1,K00720
XP_961025.2,K12795
XP_961026.2,K01852
XP_961027.3,K10878
XP_961028.2,K06867
XP_961047.3,K00323
XP_961048.2,K00995
XP_961050.2,K13026
XP_961056.1,K09705
XP_961057.1,K12486
XP_961064.1,K11888
XP_961065.2,K10873
XP_961067.1,K00872
XP_961069.3,K08876
XP_961070.1,K17450
XP_961071.2,K08266
XP_961078.1,K14298
XP_961079.1,K00967
XP_961082.2,K00826
XP_961083.1,K20366
XP_961085.2,K03785
XP_961088.2,K03785
XP_961091.1,K13337
XP_961092.1,K10577
XP_961095.2,K00293
XP_961095.2,K00797
XP_961104.1,K02930
XP_961106.1,K01874
XP_961108.1,K17989
XP_961110.1,K02328
XP_961112.2,K20777
XP_961113.3,K08900
XP_961116.1,K08257
XP_961117.3,K00902
XP_961117.3,K05542
XP_961120.1,K13120
XP_961123.1,K05605
XP_961124.2,K11096
XP_961125.3,K00863
XP_961129.1,K14209
XP_961130.1,K14429
XP_961132.2,K11584
XP_961136.1,K11374
XP_961136.1,K18178
XP_961137.2,K12161
XP_961140.1,K15115
XP_961147.1,K12882
XP_961150.3,K01262
XP_961150.3,K06111
XP_961151.3,K14845
XP_961152.1,K01268
XP_961156.2,K07442
XP_961158.1,K10750
XP_961163.3,K05546
XP_961167.2,K22048
XP_961183.1,K14558
XP_961184.1,K16948
XP_961185.2,K16732
XP_961186.3,K11838
XP_961187.3,K17790
XP_961188.1,K06063
XP_961189.2,K14825
XP_961190.2,K01113
XP_961191.3,K00474
XP_961192.1,K17742
XP_961195.2,K02900
XP_961195.2,K11273
XP_961196.1,K11877
XP_961197.1,K14780
XP_961198.1,K15128
XP_961202.1,K00122
XP_961203.1,K01869
XP_961207.1,K01530
XP_961211.1,K13118
XP_961212.1,K08869
XP_961213.2,K14795
XP_961215.1,K03233
XP_961216.2,K02996
XP_961228.3,K00652
XP_961228.3,K01598
XP_961229.1,K11372
XP_961232.3,K20360
XP_961233.1,K14326
XP_961234.1,K14561
XP_961235.1,K08486
XP_961236.1,K17768
XP_961238.1,K16575
XP_961242.2,K00698
XP_961243.2,K19998
XP_961250.3,K08869
XP_961253.2,K08257
XP_961256.1,K01193
XP_961265.2,K00799
XP_961266.1,K13095
XP_961270.2,K02269
XP_961273.2,K01509
XP_961273.2,K02021
XP_961273.2,K05657
XP_961274.1,K00928
XP_961275.2,K08489
XP_961276.2,K02183
XP_961277.3,K12391
XP_961280.1,K09313
XP_961281.3,K20177
XP_961283.1,K07342
XP_961285.3,K05928
XP_961286.1,K00681
XP_961287.2,K11501
XP_961289.2,K13095
XP_961292.3,K03130
XP_961293.2,K17917
XP_961296.2,K09569
XP_961296.2,K09577
XP_961298.1,K04079
XP_961299.1,K08286
XP_961299.1,K14864
XP_961300.3,K00637
XP_961305.2,K03650
XP_961306.1,K14831
XP_961309.2,K03177
XP_961311.1,K07573
XP_961312.2,K09829
XP_961315.2,K14566
XP_961319.3,K01509
XP_961319.3,K01530
XP_961324.3,K02321
XP_961325.2,K13110
XP_961332.2,K18338
XP_961333.1,K07466
XP_961334.1,K01754
XP_961335.1,K00053
XP_961337.1,K10579
XP_961338.2,K00698
XP_961340.2,K19850
XP_961343.1,K07827
XP_961344.1,K01560
XP_961350.1,K04555
XP_961352.1,K11088
XP_961355.1,K14555
XP_961358.1,K14285
XP_961359.3,K05955
XP_961360.1,K00869
XP_961362.1,K02923
XP_961364.3,K06013
XP_961365.1,K02914
XP_961376.2,K15082
XP_961377.1,K15083
XP_961380.2,K14663
XP_961386.1,K01693
XP_961387.1,K14817
XP_961388.2,K07019
XP_961391.2,K20028
XP_961398.1,K09425
XP_961398.1,K21769
XP_961403.1,K02870
XP_961404.3,K14006
XP_961407.1,K03512
XP_961407.1,K03513
XP_961407.1,K10981
XP_961408.1,K03136
XP_961409.2,K06636
XP_961414.2,K00615
XP_961415.2,K19308
XP_961416.1,K21798
XP_961417.1,K12845
XP_961418.2,K02155
XP_961419.3,K00223
XP_961421.2,K06683
XP_961423.1,K20457
XP_961426.1,K06950
XP_961427.1,K11095
XP_961428.3,K20352
XP_961429.1,K18168
XP_961429.1,K20352
XP_961430.1,K11560
XP_961434.1,K01480
XP_961444.3,K11790
XP_961445.1,K14857
XP_961446.3,K19219
XP_961466.1,K18752
XP_961468.2,K19787
XP_961471.1,K01613
XP_961472.2,K07078
XP_961478.1,K14563
XP_961479.2,K02880
XP_961480.1,K05610
XP_961484.1,K17878
XP_961486.3,K15289
XP_961487.1,K07897
XP_961489.1,K01526
XP_961491.1,K10392
XP_961494.1,K07252
XP_961495.1,K11971
XP_961506.1,K15463
XP_961508.1,K09510
XP_961513.1,K02358
XP_961514.1,K02980
XP_961515.1,K09584
XP_961517.1,K00858
XP_961523.1,K11204
XP_961526.1,K18655
XP_961527.3,K20121
XP_961529.2,K08968
XP_961530.3,K01262
XP_961533.1,K12861
XP_961535.1,K03943
XP_961537.1,K02209
XP_961538.2,K17600
XP_961540.3,K03355
XP_961541.1,K00787
XP_961543.1,K00067
XP_961543.1,K00789
XP_961543.1,K06210
XP_961545.1,K11518
XP_961547.1,K00249
XP_961549.3,K06944
XP_961551.1,K03188
XP_961553.1,K16196
XP_961554.1,K02207
XP_961558.1,K02327
XP_961561.1,K00262
XP_961563.2,K18748
XP_961564.1,K18723
XP_961565.2,K08498
XP_961565.2,K08499
XP_961567.1,K15448
XP_961569.1,K14851
XP_961572.3,K11422
XP_961573.1,K02145
XP_961576.1,K13950
XP_961579.3,K04564
XP_961581.1,K17362
XP_961582.3,K03360
XP_961585.2,K03676
XP_961590.2,K03062
XP_961591.1,K04649
XP_961593.1,K01899
XP_961595.1,K07739
XP_961597.2,K08178
XP_961600.1,K13025
XP_961601.2,K10777
XP_961601.2,K12827
XP_961602.1,K15078
XP_961604.1,K11446
XP_961607.1,K15105
XP_961608.2,K02220
XP_961608.2,K06659
XP_961610.2,K15147
XP_961614.1,K17268
XP_961616.1,K01613
XP_961619.1,K02963
XP_961620.1,K14560
XP_961621.3,K13566
XP_961625.1,K01698
XP_961628.1,K12871
XP_961629.2,K13172
XP_961633.1,K03249
XP_961634.1,K14774
XP_961635.2,K02879
XP_961636.2,K17787
XP_961659.1,K01099
XP_961662.1,K22032
XP_961671.1,K01230
XP_961677.1,K03320
XP_961679.1,K06634
XP_961680.3,K11650
XP_961681.2,K20120
XP_961682.2,K01056
XP_961695.1,K01611
XP_961698.3,K07824
XP_961711.1,K16185
XP_961712.1,K14012
XP_961714.1,K03217
XP_961715.1,K01673
XP_961716.2,K17679
XP_961717.1,K11858
XP_961717.1,K13172
XP_961727.1,K03243
XP_961729.1,K00297
XP_961731.1,K00507
XP_961731.1,K22377
XP_961734.3,K01509
XP_961734.3,K01530
XP_961742.1,K10863
XP_961746.1,K22390
XP_961753.2,K04043
XP_961757.2,K14327
XP_961758.3,K00698
XP_961760.2,K21767
XP_961764.1,K11159
XP_961766.2,K00849
XP_961771.2,K02541
XP_961771.2,K17669
XP_961775.1,K00326
XP_961777.1,K14806
XP_961779.1,K08141
XP_961782.1,K11770
XP_961787.1,K06672
XP_961788.1,K03000
XP_961789.1,K06072
XP_961791.1,K00948
XP_961795.1,K01182
XP_961802.1,K01074
XP_961804.1,K00226
XP_961804.1,K00254
XP_961805.1,K13348
XP_961806.1,K00511
XP_961813.1,K01954
XP_961813.1,K11541
XP_961818.2,K04382
XP_961819.3,K19986
XP_961820.1,K17770
XP_961824.1,K00507
XP_961826.1,K08675
XP_961828.1,K15152
XP_961829.1,K07025
XP_961829.1,K18551
XP_961832.2,K14554
XP_961833.1,K20521
XP_961834.2,K20827
XP_961835.1,K02962
XP_961839.3,K11484
XP_961840.1,K12179
XP_961848.1,K14338
XP_961851.1,K03380
XP_961863.2,K07827
XP_961872.3,K16261
XP_961873.1,K03781
XP_961880.2,K02139
XP_961881.1,K03937
XP_961884.1,K00876
XP_961885.1,K03885
XP_961887.1,K11599
XP_961892.2,K11825
XP_961893.1,K14840
XP_961893.1,K18327
XP_961894.3,K07893
XP_961895.1,K18664
XP_961896.1,K17606
XP_961897.2,K00275
XP_961898.1,K11592
XP_961900.1,K00101
XP_961901.3,K19327
XP_961903.1,K01593
XP_961904.3,K14676
XP_961904.3,K18550
XP_961905.1,K03237
XP_961909.1,K20372
XP_961910.2,K20298
XP_961911.2,K03263
XP_961912.3,K02927
XP_961915.1,K09831
XP_961917.2,K11566
XP_961918.2,K11343
XP_961918.2,K11399
XP_961925.2,K11557
XP_961927.1,K11982
XP_961927.1,K17969
XP_961937.1,K02537
XP_961937.1,K13728
XP_961938.1,K20224
XP_961944.3,K11976
XP_961945.1,K10838
XP_961946.2,K07059
XP_961947.2,K17981
XP_961948.2,K02143
XP_961961.1,K03538
XP_961962.2,K01918
XP_961964.1,K07562
XP_961967.1,K10739
XP_961969.1,K01823
XP_961970.2,K03327
XP_961971.2,K03028
XP_961972.3,K07179
XP_961974.2,K10277
XP_961974.2,K17970
XP_961975.1,K01850
XP_961976.1,K15262
XP_961981.1,K18732
XP_961983.1,K03521
XP_961984.1,K12492
XP_961990.2,K01426
XP_961991.3,K14685
XP_961994.1,K09467
XP_961997.1,K17796
XP_961998.1,K12493
XP_961999.3,K02896
XP_962002.2,K00381
XP_962003.3,K00698
XP_962008.2,K17362
XP_962009.1,K06653
XP_962009.1,K13345
XP_962010.1,K13711
XP_962012.1,K09117
XP_962015.1,K17623
XP_962017.1,K14785
XP_962020.2,K00938
XP_962025.1,K19717
XP_962027.1,K07575
XP_962031.2,K14798
XP_962032.3,K07975
XP_962034.1,K01952
XP_962036.1,K03593
XP_962039.1,K14729
XP_962051.1,K09252
XP_962051.1,K11768
XP_962058.2,K17428
XP_962059.1,K17255
XP_962060.3,K06943
XP_962061.1,K00762
XP_962062.3,K19952
XP_962063.3,K11885
XP_962064.1,K14850
XP_962066.1,K02729
XP_962067.1,K16569
XP_962069.1,K10534
XP_962070.1,K03949
XP_962071.2,K11462
XP_962072.2,K15334
XP_962073.1,K03979
XP_962073.1,K10277
XP_962076.1,K03013
XP_962077.2,K00275
XP_962085.1,K21543
XP_962087.1,K03245
XP_962088.2,K17979
XP_962089.1,K11884
XP_962091.1,K13237
XP_962095.2,K22494
XP_962097.1,K00059
XP_962098.1,K00721
XP_962099.1,K01536
XP_962104.3,K21989
XP_962113.1,K05290
XP_962115.1,K03842
XP_962116.1,K14692
XP_962117.1,K15109
XP_962118.1,K10575
XP_962119.1,K12848
XP_962120.1,K00586
XP_962122.3,K20715
XP_962134.3,K13303
XP_962135.1,K01810
XP_962140.1,K17278
XP_962144.1,K11761
XP_962149.2,K17792
XP_962150.2,K08286
XP_962152.1,K18703
XP_962160.3,K02355
XP_962161.1,K00008
XP_962163.2,K04441
XP_962166.2,K00688
XP_962168.1,K01166
XP_962174.3,K01183
XP_962175.2,K18740
XP_962180.1,K06961
XP_962193.3,K02542
XP_962197.2,K16261
XP_962200.2,K05389
XP_962205.2,K04630
XP_962205.2,K04640
XP_962209.2,K10627
XP_962212.2,K20305
XP_962213.1,K10745
XP_962215.3,K00574
XP_962216.1,K18327
XP_962217.1,K11304
XP_962218.2,K14713
XP_962219.1,K01199
XP_962224.1,K00729
XP_962231.1,K14575
XP_962232.1,K11672
XP_962233.2,K11667
XP_962237.3,K09043
XP_962239.2,K01724
XP_962241.3,K18158
XP_962242.1,K07901
XP_962242.1,K18158
XP_962246.2,K14721
XP_962247.1,K12617
XP_962248.1,K10967
XP_962249.3,K02950
XP_962251.1,K02677
XP_962251.1,K18050
XP_962253.1,K17983
XP_962256.1,K08681
XP_962257.1,K06215
XP_962259.1,K03845
XP_962260.2,K15025
XP_962263.3,K03671
XP_962265.2,K00272
XP_962265.2,K00273
XP_962266.3,K00020
XP_962268.2,K12462
XP_962270.2,K17615
XP_962275.1,K11548
XP_962276.3,K12397
XP_962279.1,K16578
XP_962283.1,K00030
XP_962284.3,K17637
XP_962285.2,K13192
XP_962286.2,K03234
XP_962295.3,K14688
XP_962296.3,K20404
XP_962297.3,K07300
XP_962298.1,K14808
XP_962304.1,K13341
XP_962312.1,K17679
XP_962314.1,K14022
XP_962321.1,K06674
XP_962323.2,K02153
XP_962325.1,K12623
XP_962335.2,K11237
XP_962337.3,K01426
XP_962337.3,K12190
XP_962347.1,K10610
XP_962348.1,K00411
XP_962355.1,K03320
XP_962358.1,K22438
XP_962360.2,K01405
XP_962360.2,K13726
XP_962364.1,K11092
XP_962365.3,K03004
XP_962365.3,K03506
XP_962367.3,K00456
XP_962368.3,K08333
XP_962370.2,K00555
XP_962374.1,K02993
XP_962376.3,K01115
XP_962378.2,K13984
XP_962378.2,K13996
XP_962379.3,K10862
XP_962380.1,K08762
XP_962381.2,K20048
XP_962382.1,K01092
XP_962385.3,K01083
XP_962387.2,K01934
XP_962388.1,K11097
XP_962389.1,K15436
XP_962394.1,K00817
XP_962399.1,K06877
XP_962404.1,K08515
XP_962405.2,K17675
XP_962408.1,K17086
XP_962420.1,K06123
XP_962429.1,K10881
XP_962430.1,K00927
XP_962431.1,K13348
XP_962431.1,K20311
XP_962432.2,K03380
XP_962433.1,K20246
XP_962435.3,K00545
XP_962438.1,K03235
XP_962442.1,K01886
XP_962443.1,K15111
XP_962445.1,K03247
XP_962447.1,K00015
XP_962452.1,K20792
XP_962455.2,K08492
XP_962457.1,K14454
XP_962458.1,K14849
XP_962460.1,K01619
XP_962467.1,K01487
XP_962471.3,K11269
XP_962476.1,K00009
XP_962477.2,K17302
XP_962479.1,K17619
XP_962488.1,K17086
XP_962489.1,K14765
XP_962491.2,K03695
XP_962492.1,K03457
XP_962498.1,K01225
XP_962503.3,K10884
XP_962504.1,K01772
XP_962506.3,K01522
XP_962508.1,K11090
XP_962511.2,K16342
XP_962512.1,K17425
XP_962514.3,K15423
XP_962516.1,K01338
XP_962525.2,K15292
XP_962526.1,K14654
XP_962528.1,K00480
XP_962529.1,K21989
XP_962530.3,K02606
XP_962536.3,K14797
XP_962538.2,K08176
XP_962539.2,K15084
XP_962542.1,K02892
XP_962546.1,K18468
XP_962547.1,K01301
XP_962562.2,K00942
XP_962568.3,K19001
XP_962569.1,K15437
XP_962570.3,K10908
XP_962572.1,K01514
XP_962573.1,K01951
XP_962573.1,K22314
XP_962574.1,K12762
XP_962576.2,K14399
XP_962580.1,K12818
XP_962581.3,K08257
XP_962594.2,K13535
XP_962595.1,K12275
XP_962598.1,K17415
XP_962601.3,K01213
XP_962606.1,K18064
XP_962606.1,K18065
XP_962608.1,K20724
XP_962609.1,K01104
XP_962609.1,K01110
XP_962611.1,K21451
XP_962614.1,K04486
XP_962618.2,K00997
XP_962628.1,K14849
XP_962628.1,K16571
XP_962629.2,K19366
XP_962633.1,K14967
XP_962634.1,K12860
XP_962638.2,K12584
XP_962641.3,K00641
XP_962642.2,K12879
XP_962645.3,K15711
XP_962657.1,K01760
XP_962658.1,K01509
XP_962659.1,K11827
XP_962661.1,K19476
XP_962662.3,K11313
XP_962662.3,K19476
XP_962663.2,K18203
XP_962668.1,K03504
XP_962669.1,K05285
XP_962672.2,K00624
XP_962673.1,K11649
XP_962673.1,K11772
XP_962674.2,K03522
XP_962675.2,K18914
XP_962678.3,K17261
XP_962679.1,K02541
XP_962682.3,K07195
XP_962690.3,K10858
XP_962691.1,K05294
XP_962692.3,K00974
XP_962693.3,K18443
XP_962694.3,K05533
XP_962696.1,K12587
XP_962697.2,K14642
XP_962699.1,K00949
XP_962700.1,K03016
XP_962701.1,K11375
XP_962702.1,K15323
XP_962704.1,K11094
XP_962705.3,K02149
XP_962706.1,K12867
XP_962714.3,K16066
XP_962715.1,K16369
XP_962716.3,K03248
XP_962716.3,K20304
XP_962718.2,K20298
XP_962719.2,K19730
XP_962723.2,K13201
XP_962732.1,K01051
XP_962740.1,K20047
XP_962755.1,K03135
XP_962756.2,K15100
XP_962781.1,K14405
XP_962782.1,K14307
XP_962783.1,K03024
XP_962785.3,K18442
XP_962786.1,K00627
XP_962794.1,K03854
XP_962797.2,K19845
XP_962799.2,K11417
XP_962801.2,K00851
XP_962813.1,K08818
XP_962817.1,K15117
XP_962818.1,K14962
XP_962820.1,K10808
XP_962822.2,K12613
XP_962822.2,K22073
XP_962825.2,K10259
XP_962830.2,K01515
XP_962841.3,K08178
XP_962854.3,K03448
XP_962855.1,K14709
XP_962856.1,K11240
XP_962856.1,K19812
XP_962860.2,K15206
XP_962861.3,K18469
XP_962863.3,K21996
XP_962865.1,K00761
XP_962866.2,K06199
XP_962868.2,K10777
XP_962870.1,K11427
XP_962872.3,K20180
XP_962873.1,K08994
XP_962874.1,K01412
XP_962876.3,K14792
XP_962881.3,K16732
XP_962883.1,K15029
XP_962887.1,K03671
XP_962900.1,K02876
XP_962902.3,K17822
XP_962903.1,K02990
XP_962907.2,K20061
XP_962914.1,K15356
XP_962915.2,K17974
XP_962918.2,K08286
XP_962918.2,K08853
XP_962920.1,K14532
XP_962921.1,K06666
XP_962923.1,K00227
XP_962926.1,K02903
XP_962928.3,K04706
XP_962928.3,K20304
XP_962931.3,K05310
XP_962932.1,K06678
XP_962933.1,K14573
XP_962939.1,K18280
XP_962940.2,K19245
XP_962941.1,K03448
XP_962944.1,K17740
XP_962945.3,K17774
XP_962947.1,K02966
XP_962949.2,K22072
XP_962950.2,K02937
XP_962951.1,K02955
XP_962952.1,K03252
XP_962953.1,K12856
XP_962958.2,K10841
XP_962960.3,K12823
XP_962963.1,K19069
XP_962964.2,K12481
XP_962965.1,K02304
XP_962967.2,K06648
XP_962984.2,K13119
XP_962987.1,K13336
XP_962989.3,K07359
XP_962989.3,K21157
XP_962991.1,K08286
XP_962994.2,K11228
XP_962995.3,K20181
XP_962999.3,K01756
XP_963001.2,K00643
XP_963004.1,K12479
XP_963004.1,K20367
XP_963005.1,K17764
XP_963006.2,K13519
XP_963017.1,K11262
XP_963033.2,K11429
XP_963035.2,K03017
XP_963036.2,K09578
XP_963045.1,K01687
XP_963050.1,K14536
XP_963051.1,K02265
XP_963053.3,K19475
XP_963062.1,K05947
XP_963068.2,K00799
XP_963070.3,K03380
XP_963073.2,K10862
XP_963077.1,K02893
XP_963078.2,K18849
XP_963079.2,K09880
XP_963081.1,K08286
XP_963082.1,K15015
XP_963083.1,K00052
XP_963089.1,K11673
XP_963091.1,K04345
XP_963093.2,K10082
XP_963095.1,K17781
XP_963097.3,K17678
XP_963100.1,K08286
XP_963101.1,K10268
XP_963104.1,K12188
XP_963105.2,K13205
XP_963112.2,K04569
XP_963112.2,K07213
XP_963113.1,K02871
XP_963114.1,K00365
XP_963115.2,K08267
XP_963118.1,K02915
XP_963119.2,K09008
XP_963120.1,K20238
XP_963121.2,K01182
XP_963121.2,K01187
XP_963122.1,K08141
XP_963124.1,K11397
XP_963125.1,K14830
XP_963126.1,K12878
XP_963127.2,K12874
XP_963131.2,K02320
XP_963133.2,K18670
XP_963141.3,K01113
XP_963146.2,K07874
XP_963155.1,K11274
XP_963162.2,K09419
XP_963164.1,K01802
XP_963164.1,K12737
XP_963165.1,K02147
XP_963166.1,K01785
XP_963168.1,K14838
XP_963172.2,K01875
XP_963173.3,K22048
XP_963181.1,K14546
XP_963198.2,K08739
XP_963200.1,K01501
XP_963209.1,K09486
XP_963210.3,K01176
XP_963212.2,K14856
XP_963214.2,K15502
XP_963215.1,K05972
XP_963216.1,K12399
XP_963218.1,K01869
XP_963220.1,K15455
XP_963223.1,K07374
XP_963224.2,K12472
XP_963228.1,K00059
XP_963230.2,K02989
XP_963231.1,K02975
XP_963232.1,K00480
XP_963237.2,K01785
XP_963241.1,K00809
XP_963242.2,K01640
XP_963243.1,K01736
XP_963245.3,K20179
XP_963246.1,K03141
XP_963248.3,K00164
XP_963253.2,K00700
XP_963253.2,K02133
XP_963256.2,K02607
XP_963272.1,K04091
XP_963274.1,K00002
XP_963280.2,K12389
XP_963281.1,K01694
XP_963282.1,K02902
XP_963284.2,K19355
XP_963313.1,K01900
XP_963317.2,K02925
XP_963320.3,K08150
XP_963321.1,K08157
XP_963328.1,K11338
XP_963329.1,K13099
XP_963330.1,K14016
XP_963333.1,K01082
XP_963351.1,K07300
XP_963354.1,K03066
XP_963355.3,K01104
XP_963355.3,K19806
XP_963364.2,K01061
XP_963366.1,K03283
XP_963372.2,K10743
XP_963373.1,K11497
XP_963375.1,K15523
XP_963380.1,K15136
XP_963385.2,K01487
XP_963395.1,K01113
XP_963397.1,K10756
XP_963402.2,K19069
XP_963405.1,K11699
XP_963406.3,K00626
XP_963411.3,K22152
XP_963415.1,K10088
XP_963418.3,K12346
XP_963430.3,K10592
XP_963435.1,K14531
XP_963436.1,K06874
XP_963439.2,K15326
XP_963443.2,K12829
XP_963444.1,K15283
XP_963445.2,K00111
XP_963448.1,K02263
XP_963478.1,K15102
XP_963479.3,K15102
XP_963492.1,K00960
XP_963498.1,K00818
XP_963507.1,K13117
XP_963510.1,K14005
XP_963511.1,K01802
XP_963511.1,K09564
XP_963513.1,K02267
XP_963515.2,K02947
XP_963518.1,K22386
XP_963520.1,K18173
XP_963521.1,K02906
XP_963524.2,K15218
XP_963526.3,K19619
XP_963529.3,K03510
XP_963532.3,K00898
XP_963533.1,K01634
XP_963534.2,K05532
XP_963536.2,K02726
XP_963539.2,K10754
XP_963541.1,K10756
XP_963564.2,K01507
XP_963567.1,K07478
XP_963568.3,K22063
XP_963576.3,K01939
XP_963580.1,K01426
XP_963590.1,K03134
XP_963591.2,K10865
XP_963594.3,K19199
XP_963597.3,K19785
XP_963599.1,K03305
XP_963602.2,K17608
XP_963603.1,K10847
XP_963605.2,K21452
XP_963607.2,K00516
XP_963608.1,K03379
XP_963612.1,K10949
XP_963615.1,K20477
XP_963617.1,K14315
XP_963619.1,K17797
XP_963620.1,K03844
XP_963621.1,K15331
XP_963626.1,K01648
XP_963627.1,K02907
XP_963628.1,K11339
XP_963629.2,K11339
XP_963630.2,K11696
XP_963631.1,K04794
XP_963632.2,K11697
XP_963644.2,K01580
XP_963650.2,K12389
XP_963662.2,K21991
XP_963667.3,K10882
XP_963677.2,K01895
XP_963685.1,K15287
XP_963689.1,K00794
XP_963690.3,K12488
XP_963695.2,K05531
XP_963703.2,K00033
XP_963704.1,K01835
XP_963710.1,K15160
XP_963711.3,K11121
XP_963715.1,K14556
XP_963721.2,K01783
XP_963724.2,K01739
XP_963725.2,K11121
XP_963725.2,K11412
XP_963727.3,K00759
XP_963728.2,K01191
XP_963728.2,K10084
XP_963732.3,K21864
XP_963733.1,K14826
XP_963734.3,K00924
XP_963735.2,K12351
XP_963736.3,K14963
XP_963737.1,K15902
XP_963738.2,K06639
XP_963740.1,K14847
XP_963750.2,K10365
XP_963751.3,K03847
XP_963753.1,K19183
XP_963755.2,K10801
XP_963756.1,K00413
XP_963757.2,K01626
XP_963759.1,K12736
XP_963770.3,K01062
XP_963772.1,K15119
XP_963776.2,K02732
XP_963777.1,K00888
XP_963783.2,K13754
XP_963785.3,K06676
XP_963786.1,K17497
XP_963787.2,K12585
XP_963788.1,K14538
XP_963790.3,K01111
XP_963790.3,K06116
XP_963790.3,K06117
XP_963792.3,K02515
XP_963792.3,K06668
XP_963792.3,K18679
XP_963792.3,K18680
XP_963796.3,K09184
XP_963805.2,K20316
XP_963807.1,K01758
XP_963810.3,K00953
XP_963814.2,K18738
XP_963815.2,K11698
XP_963817.2,K15425
XP_963818.1,K10866
XP_963821.1,K00102
XP_963822.1,K01426
XP_963824.1,K03012
XP_963826.1,K14844
XP_963830.2,K08741
XP_963841.1,K18477
XP_963844.2,K02831
XP_963844.2,K06641
XP_963846.3,K12880
XP_963851.1,K02220
XP_963854.2,K13348
XP_963854.2,K13349
XP_963855.1,K18932
XP_963862.1,K11294
XP_963864.3,K17435
XP_963865.1,K03132
XP_963866.1,K14650
XP_963867.3,K15280
XP_963869.3,K06174
XP_963870.1,K12821
XP_963874.1,K08736
XP_963876.1,K01739
XP_963877.1,K13338
XP_963878.1,K02210
XP_963879.1,K17408
XP_963880.1,K14852
XP_963884.3,K13335
XP_963887.3,K17066
XP_963893.2,K03139
XP_963907.1,K00793
XP_963908.1,K08991
XP_963909.2,K01836
XP_963910.1,K11434
XP_963912.3,K03512
XP_963912.3,K10981
XP_963921.3,K19782
XP_963926.2,K00728
XP_963929.1,K15628
XP_963931.1,K17743
XP_963932.2,K17550
XP_963933.2,K06889
XP_963941.1,K01626
XP_963947.3,K11126
XP_963949.1,K01409
XP_963950.2,K01409
XP_963951.1,K02737
XP_963953.2,K15429
XP_963954.2,K19177
XP_963955.1,K19984
XP_963963.1,K00601
XP_963973.1,K10689
XP_963977.1,K14822
XP_963988.3,K05916
XP_963990.1,K20813
XP_964009.1,K03515
XP_964011.1,K01240
XP_964019.1,K01410
XP_964021.1,K14284
XP_964022.1,K14635
XP_964024.3,K00765
XP_964025.3,K15378
XP_964030.3,K10901
XP_964034.1,K19770
XP_964036.2,K18715
XP_964037.1,K02739
XP_964041.3,K15363
XP_964042.1,K14965
XP_964042.1,K14968
XP_964043.1,K02953
XP_964044.1,K12837
XP_964045.3,K03660
XP_964046.2,K20803
XP_964047.1,K12828
XP_964049.2,K05917
XP_964051.2,K11498
XP_964054.1,K00602
XP_964055.1,K01509
XP_964055.1,K03695
XP_964056.1,K10732
XP_964057.1,K03321
XP_964058.1,K13093
XP_964060.1,K05529
XP_964065.2,K01176
XP_964068.1,K17065
XP_964069.3,K18183
XP_964070.2,K01899
XP_964072.1,K05760
XP_964074.2,K14301
XP_964088.1,K00641
XP_964094.1,K14617
XP_964097.2,K03006
XP_964098.1,K14961
XP_964100.1,K14796
XP_964102.2,K22066
XP_964103.1,K00972
XP_964104.1,K08008
XP_964105.1,K10356
XP_964106.1,K20409
XP_964107.1,K10580
XP_964112.1,K18726
XP_964113.3,K12572
XP_964114.3,K12626
XP_964116.3,K06101
XP_964116.3,K16675
XP_964119.2,K18932
XP_964120.1,K03509
XP_964123.1,K20223
XP_964127.2,K12833
XP_964129.1,K09496
XP_964130.1,K03061
XP_964136.1,K21249
XP_964137.1,K21249
XP_964145.1,K01181
XP_964152.1,K03327
XP_964159.1,K01179
XP_964164.1,K11230
XP_964165.1,K10731
XP_964166.2,K02326
XP_964169.1,K00294
XP_964173.1,K09650
XP_964179.1,K02510
XP_964182.1,K14769
XP_964183.3,K01230
XP_964184.2,K18171
XP_964186.3,K15728
XP_964187.1,K03133
XP_964188.1,K14152
XP_964190.2,K13333
XP_964194.1,K14688
XP_964195.1,K10295
XP_964197.2,K01527
XP_964199.1,K02896
XP_964200.2,K14171
XP_964201.3,K09958
XP_964203.1,K13346
XP_964208.1,K00452
XP_964215.2,K11344
XP_964217.1,K06670
XP_964218.1,K01537
XP_964218.1,K20291
XP_964222.1,K07555
XP_964224.1,K08286
XP_964232.1,K02889
XP_964233.1,K02997
XP_964234.1,K12819
XP_964235.2,K02350
XP_964237.3,K17978
XP_964238.1,K13127
XP_964238.1,K20793
XP_964239.2,K08343
XP_964240.1,K20040
XP_964241.3,K01535
XP_964248.3,K11699
XP_964249.1,K00102
XP_964251.2,K02987
XP_964266.3,K01599
XP_964271.2,K02213
XP_964273.1,K01230
XP_964274.2,K17888
XP_964276.1,K05757
XP_964278.3,K16261
XP_964281.1,K19828
XP_964284.1,K00253
XP_964285.3,K01969
XP_964291.2,K04565
XP_964292.1,K15979
XP_964294.1,K00616
XP_964295.2,K01266
XP_964295.2,K03859
XP_964305.1,K14771
XP_964306.1,K02127
XP_964308.1,K19589
XP_964316.3,K03349
XP_964321.1,K06662
XP_964322.2,K20803
XP_964327.2,K03352
XP_964328.2,K15692
XP_964328.2,K15706
XP_964329.3,K01873
XP_964331.1,K11377
XP_964337.1,K06709
XP_964339.3,K18159
XP_964344.3,K15447
XP_964345.2,K03113
XP_964349.1,K00958
XP_964353.2,K01190
XP_964355.3,K11600
XP_964356.1,K09584
XP_964357.2,K12199
XP_964366.2,K03030
XP_964367.2,K06067
XP_964371.2,K13350
XP_964373.3,K14686
XP_964378.2,K12471
XP_964380.1,K03025
XP_964387.3,K08597
XP_964388.1,K03544
XP_964389.1,K11996
XP_964390.1,K17806
XP_964395.3,K00006
XP_964396.3,K01196
XP_964407.3,K01179
XP_964408.2,K01078
XP_964410.1,K03320
XP_964411.2,K22285
XP_964419.1,K12411
XP_964420.2,K00858
XP_964421.1,K12590
XP_964422.1,K17605
XP_964426.3,K12236
XP_964432.2,K10396
XP_964433.3,K10573
XP_964433.3,K10574
XP_964434.2,K00626
XP_964439.2,K09704
XP_964443.1,K00327
XP_964446.1,K02180
XP_964447.2,K06883
XP_964449.1,K03661
XP_964450.1,K03123
XP_964451.2,K11404
XP_964451.2,K11483
XP_964453.2,K00963
XP_964457.1,K05770
XP_964458.1,K15114
XP_964459.1,K12858
XP_964460.1,K17438
XP_964461.1,K17867
XP_964462.1,K06630
XP_964464.1,K14306
XP_964466.3,K03242
XP_964468.2,K13800
XP_964469.1,K15030
XP_964470.3,K06641
XP_964471.1,K19691
XP_964475.2,K20279
XP_964479.1,K02920
XP_964480.1,K15627
XP_964481.3,K02735
XP_964482.3,K05853
XP_964483.1,K17292
XP_964484.1,K13176
XP_964485.1,K15077
XP_964486.1,K12158
XP_964487.1,K17081
XP_964488.2,K14407
XP_964489.1,K16073
XP_964492.1,K15177
XP_964493.1,K14650
XP_964494.2,K03848
XP_964496.1,K20369
XP_964498.1,K14824
XP_964502.3,K14675
XP_964507.3,K01052
XP_964508.1,K18178
XP_964510.1,K11801
XP_964514.2,K17665
XP_964515.3,K06875
XP_964516.1,K18586
XP_964518.1,K14789
XP_964519.3,K04392
XP_964519.3,K07861
XP_964521.2,K14998
XP_964526.3,K04353
XP_964526.3,K07836
XP_964526.3,K07837
XP_964528.1,K14784
XP_964538.1,K04565
XP_964540.2,K02929
XP_964543.3,K15920
XP_964544.2,K05972
XP_964546.1,K00021
XP_964547.1,K01440
XP_964548.1,K09553
XP_964554.1,K00016
XP_964555.1,K16261
XP_964560.2,K09680
XP_964561.1,K22139
XP_964562.1,K03946
XP_964565.1,K12586
XP_964572.1,K01923
XP_964575.2,K13094
XP_964576.1,K03635
XP_964578.1,K05747
XP_964583.3,K07152
XP_964584.2,K14960
XP_964591.1,K17786
XP_964593.1,K14833
XP_964594.1,K17765
XP_964597.1,K06664
XP_964602.3,K03283
XP_964603.1,K03259
XP_964606.3,K02219
XP_964609.3,K14401
XP_964610.1,K00921
XP_964611.2,K01480
XP_964617.1,K12412
XP_964622.1,K19877
XP_964624.1,K03236
XP_964625.1,K05747
XP_964627.3,K10848
XP_964630.1,K01509
XP_964630.1,K01530
XP_964630.1,K01537
XP_964638.1,K01874
XP_964639.1,K05894
XP_964640.1,K01304
XP_964642.2,K00737
XP_964649.1,K06128
XP_964649.1,K06130
XP_964649.1,K06999
XP_964654.3,K08257
XP_964657.1,K01741
XP_964658.3,K10706
XP_964666.2,K06942
XP_964666.2,K19788
XP_964670.2,K02948
XP_964674.1,K04802
XP_964678.2,K19950
XP_964679.1,K16815
XP_964680.1,K16815
XP_964682.1,K15216
XP_964684.1,K09549
XP_964685.1,K18172
XP_964689.1,K12818
XP_964689.1,K14781
XP_964689.1,K17820
XP_964693.2,K06631
XP_964693.2,K06660
XP_964696.1,K10735
XP_964699.1,K08964
XP_964700.3,K08054
XP_964701.2,K00140
XP_964702.3,K20929
XP_964709.3,K01515
XP_964710.3,K00799
XP_964712.3,K10352
XP_964713.1,K15745
XP_964714.1,K20643
XP_964715.1,K00133
XP_964721.1,K14829
XP_964725.1,K02954
XP_964726.1,K03644
XP_964727.2,K08513
XP_964729.1,K09595
XP_964730.3,K15153
XP_964731.2,K03019
XP_964732.1,K06867
XP_964736.2,K00844
XP_964737.1,K20793
XP_964739.2,K12733
XP_964741.1,K22503
XP_964745.1,K14779
XP_964746.2,K01870
XP_964749.1,K17714
XP_964750.3,K05293
XP_964751.1,K14843
XP_964753.2,K10398
XP_964755.2,K21989
XP_964776.1,K14709
XP_964796.3,K14018
XP_964805.3,K07879
XP_964805.3,K07880
XP_964806.1,K01192
XP_964807.1,K00008
XP_964807.1,K05351
XP_964809.2,K01930
XP_964810.1,K17785
XP_964811.1,K07889
XP_964811.1,K17785
XP_964812.2,K21797
XP_964815.1,K20367
XP_964823.2,K00505
XP_964824.1,K03002
XP_964826.1,K07955
XP_964828.1,K02960
XP_964834.2,K01669
XP_964840.1,K20408
XP_964857.1,K17267
XP_964858.1,K00993
XP_964858.1,K00994
XP_964862.3,K08869
XP_964865.2,K12832
XP_964868.2,K03231
XP_964869.1,K01079
XP_964870.2,K00390
XP_964871.1,K22069
XP_964872.2,K22069
XP_964875.1,K01649
XP_964876.1,K14293
XP_964878.1,K17788
XP_964879.1,K15450
XP_964880.3,K16675
XP_964880.3,K20030
XP_964882.2,K21751
XP_964883.3,K16216
XP_964888.1,K06684
XP_964888.1,K06686
XP_964893.2,K12812
XP_964894.2,K03540
XP_964902.2,K21197
XP_964908.1,K16075
XP_964910.1,K11594
XP_964912.1,K10419
XP_964917.1,K11552
XP_964926.1,K11886
XP_964927.2,K00006
XP_964931.2,K00030
XP_964932.3,K00505
XP_964933.1,K19306
XP_964936.1,K03778
XP_964945.1,K21989
XP_964946.1,K03549
XP_964948.3,K00826
XP_964949.2,K00697
XP_964949.2,K16055
XP_964949.2,K22337
XP_964950.1,K14855
XP_964951.2,K07300
XP_964955.1,K00547
XP_964959.2,K00033
XP_964961.1,K02949
XP_964962.1,K11563
XP_964967.3,K01301
XP_964971.1,K00326
XP_964973.1,K15544
XP_964976.1,K00088
XP_964977.1,K00290
XP_964977.1,K11874
XP_964983.3,K03097
XP_964985.1,K22483
XP_964988.3,K01868
XP_964989.1,K06287
XP_964990.2,K00273
XP_964990.2,K14566
XP_964992.1,K17560
XP_965002.1,K14009
XP_965002.1,K20405
XP_965007.1,K14552
XP_965008.1,K03007
XP_965014.1,K09448
XP_965014.1,K14787
XP_965015.2,K09448
XP_965017.1,K09567
XP_965018.1,K03122
XP_965019.2,K03363
XP_965021.3,K13344
XP_965022.1,K05544
XP_965024.1,K19487
XP_965029.1,K03648
XP_965034.3,K05349
XP_965041.1,K02838
XP_965043.2,K11430
XP_965044.1,K20824
XP_965045.1,K10846
XP_965051.3,K06902
XP_965056.2,K05956
XP_965057.1,K06890
XP_965058.2,K16945
XP_965058.2,K16946
XP_965061.1,K13107
XP_965062.1,K04709
XP_965066.1,K03952
XP_965067.3,K14308
XP_965069.3,K00281
XP_965070.2,K13953
XP_965071.1,K14818
XP_965072.2,K00749
XP_965073.1,K01915
XP_965075.1,K01637
XP_965085.3,K17867
XP_965087.1,K02727
XP_965088.2,K14772
XP_965090.2,K02555
XP_965091.1,K02331
XP_965092.3,K03869
XP_965093.1,K17808
XP_965096.1,K00559
XP_965101.1,K12844
XP_965102.1,K12869
XP_965104.1,K09102
XP_965105.2,K18757
XP_965110.1,K20406
XP_965111.1,K00894
XP_965112.2,K00605
XP_965113.1,K12815
XP_965114.1,K14791
XP_965119.1,K11390
XP_965122.2,K07232
XP_965126.1,K04482
XP_965127.1,K14303
XP_965128.3,K18466
XP_965129.1,K02940
XP_965131.1,K02144
XP_965132.3,K14773
XP_965134.2,K17508
XP_965135.2,K12609
XP_965136.1,K01194
XP_965137.3,K01620
XP_965143.2,K05543
XP_965144.3,K01507
XP_965145.1,K17434
XP_965146.1,K08497
XP_965147.2,K13617
XP_965149.2,K18803
XP_965151.1,K17508
XP_965157.3,K15075
XP_965158.1,K12947
XP_965164.1,K02958
XP_965165.3,K01224
XP_965170.1,K02888
XP_965171.2,K08866
XP_965172.1,K02943
XP_965173.1,K15193
XP_965174.1,K14842
XP_965181.1,K00480
XP_965182.2,K13065
XP_965183.2,K09885
XP_965185.1,K05349
XP_965187.1,K08712
XP_965191.1,K00326
XP_965198.2,K11246
XP_965199.1,K11572
XP_965201.1,K17759
XP_965202.1,K02959
XP_965224.1,K02142
XP_965225.3,K00287
XP_965228.1,K01210
XP_965236.2,K01372
XP_965242.2,K20347
XP_965244.1,K17686
XP_965245.1,K12180
XP_965247.1,K02910
XP_965255.1,K00344
XP_965255.1,K00384
XP_965256.1,K14404
XP_965259.1,K01426
XP_965260.3,K10751
XP_965262.1,K01489
XP_965266.2,K09660
XP_965267.1,K01133
XP_965268.1,K15130
XP_965271.1,K03539
XP_965274.1,K09704
XP_965276.1,K13339
XP_965278.2,K21232
XP_965282.1,K09481
XP_965286.1,K06867
XP_965287.2,K20872
XP_965288.1,K00103
XP_965288.1,K00107
XP_965290.1,K12780
XP_965290.1,K13054
XP_965294.2,K11808
XP_965295.2,K05545
XP_965299.1,K02141
XP_965307.1,K14319
XP_965309.3,K01183
XP_965316.1,K00939
XP_965316.1,K00944
XP_965317.1,K17800
XP_965318.1,K17919
XP_965326.1,K12876
XP_965329.1,K17804
XP_965330.1,K02948
XP_965331.1,K08900
XP_965332.1,K14294
XP_965333.2,K00419
XP_965334.3,K10625
XP_965335.1,K14708
XP_965337.1,K02179
XP_965339.1,K13174
XP_965341.2,K05824
XP_965342.2,K02355
XP_965347.3,K12261
XP_965347.3,K13342
XP_965348.1,K14570
XP_965349.2,K11426
XP_965350.1,K04797
XP_965352.2,K02603
XP_965353.3,K11723
XP_965353.3,K12862
XP_965354.1,K06694
XP_965355.1,K20286
XP_965356.2,K04711
XP_965356.2,K05848
XP_965357.1,K09548
XP_965359.1,K18626
XP_965360.1,K15118
XP_965361.1,K20295
XP_965366.2,K01490
XP_965367.1,K15278
XP_965368.1,K03029
XP_965374.1,K15340
XP_965382.3,K06018
XP_965387.1,K11493
XP_965390.1,K00162
XP_965392.1,K00559
XP_965393.2,K12872
XP_965394.1,K18170
XP_965395.3,K01640
XP_965395.3,K09522
XP_965396.1,K00143
XP_965397.3,K15631
XP_965404.1,K14553
XP_965406.2,K16329
XP_965406.2,K16330
XP_965407.2,K20063
XP_965410.1,K20299
XP_965412.2,K01183
XP_965414.2,K04523
XP_965415.3,K20405
XP_965416.1,K01866
XP_965417.1,K00237
XP_965417.1,K17791
XP_965418.1,K13621
XP_965419.1,K08064
XP_965423.1,K03035
XP_965427.1,K15532
XP_965431.2,K06883
XP_965434.3,K03015
XP_965436.2,K01843
XP_965438.3,K14457
XP_965438.3,K14458
XP_965443.3,K06927
XP_965444.2,K09468
XP_965444.2,K21545
XP_965448.1,K11108
XP_965450.1,K01955
XP_965454.1,K12273
XP_965456.1,K02605
XP_965458.1,K12854
XP_965460.1,K10755
XP_965466.1,K07748
XP_965469.1,K12811
XP_965474.3,K01277
XP_965475.1,K00851
XP_965477.1,K09699
XP_965478.1,K18192
XP_965479.1,K08495
XP_965480.2,K02934
XP_965485.3,K00925
XP_965486.1,K09467
XP_965487.3,K16230
XP_965488.1,K12599
XP_965489.1,K10998
XP_965497.2,K01053
XP_965498.1,K19356
XP_965501.3,K01689
XP_965533.1,K00621
XP_965535.3,K00065
XP_965536.3,K00008
XP_965537.2,K18097
XP_965537.2,K19634
XP_965538.3,K08490
XP_965542.3,K19940
XP_965544.1,K12825
XP_965545.1,K17918
XP_965547.1,K15116
XP_965549.1,K05755
XP_965550.1,K11843
XP_965561.3,K14709
XP_965577.1,K03574
XP_965587.1,K02894
XP_965588.2,K00027
XP_965591.3,K01233
XP_965597.2,K19845
XP_965598.1,K19356
XP_965604.1,K06123
XP_965605.1,K17644
XP_965606.1,K08726
XP_965612.1,K05275
XP_965617.1,K15901
XP_965618.1,K00318
XP_965625.3,K17496
XP_965630.2,K03809
XP_965633.2,K02994
XP_965636.2,K01958
XP_965638.1,K22138
XP_965639.1,K11086
XP_965639.1,K22138
XP_965640.2,K02868
XP_965641.1,K04646
XP_965642.2,K14835
XP_965644.1,K17757
XP_965645.1,K02132
XP_965646.2,K01282
XP_965651.2,K03671
XP_965655.1,K08773
XP_965655.1,K19840
XP_965659.1,K11135
XP_965659.1,K14457
XP_965661.1,K02260
XP_965662.2,K11137
XP_965664.1,K03027
XP_965665.2,K03935
XP_965667.1,K06126
XP_965669.1,K20472
XP_965670.1,K02212
XP_965672.1,K12666
XP_965675.1,K05681
XP_965677.1,K14537
XP_965680.1,K17732
XP_965685.2,K20178
XP_965686.2,K11340
XP_965686.2,K11400
XP_965686.2,K11652
XP_965687.2,K03125
XP_965689.3,K09265
XP_965689.3,K19807
XP_965690.2,K13122
XP_965694.1,K03145
XP_965695.1,K01738
XP_965697.3,K01872
XP_965700.3,K14023
XP_965700.3,K14026
XP_965702.2,K00626
XP_965703.3,K12852
XP_965703.3,K12853
XP_965711.1,K18561
XP_965716.3,K01876
XP_965717.1,K20044
XP_965718.1,K10842
XP_965720.1,K01068
XP_965720.1,K11992
XP_965721.2,K06133
XP_965722.3,K01669
XP_965725.3,K17841
XP_965729.1,K07088
XP_965733.1,K12176
XP_965735.3,K09602
XP_965736.1,K03801
XP_965737.1,K09142
XP_965740.1,K07975
XP_965742.3,K00589
XP_965744.3,K01974
XP_965745.1,K22132
XP_965748.1,K22149
XP_965749.1,K05528
XP_965749.1,K05534
XP_965758.1,K02978
XP_965761.2,K07204
XP_965764.1,K20362
XP_965768.2,K15134
XP_965769.3,K00850
XP_965774.1,K02875
XP_965775.1,K03626
XP_965781.1,K18182
XP_965783.1,K00008
XP_965784.2,K02140
XP_965789.1,K00763
XP_965790.2,K14548
XP_965796.2,K00914
XP_965798.1,K20478
XP_965800.2,K02433
XP_965802.2,K12849
XP_965804.1,K12870
XP_965807.1,K02155
XP_965808.3,K19842
XP_965809.1,K12670
XP_965811.3,K22262
XP_965813.3,K01336
XP_965815.1,K21842
XP_965816.2,K07556
XP_965818.3,K01580
XP_965820.1,K01720
XP_965821.1,K19951
XP_965822.3,K04345
XP_965822.3,K08282
XP_965822.3,K19584
XP_965830.1,K01164
XP_965833.1,K03681
XP_965836.1,K20522
YP_009126702.1,K03879
YP_009126704.1,K02262
YP_009126705.1,K03884
YP_009126707.1,K03879
YP_009126708.1,K03880
YP_009126709.1,K03882
YP_009126711.1,K03883
YP_009126712.1,K03883
YP_009126714.1,K00412
YP_009126717.1,K02256
YP_009126719.1,K03878
YP_009126721.1,K03881
YP_009126726.1,K02126
YP_009126727.1,K02126
YP_009126728.1,K02128
YP_009126728.1,K03880
YP_009126729.1,K02261
