XP_003658319.1,3.1.3.2
XP_003658327.1,3.2.1.25
XP_003658328.1,1.1.1.14
XP_003658328.1,1.1.1.9
XP_003658329.1,6.3.2.17
XP_003658330.1,6.3.2.17
XP_003658343.1,6.1.1.5
XP_003658344.1,3.6.4.13
XP_003658348.1,3.4.21.61
XP_003658351.1,2.7.4.10
XP_003658351.1,2.7.4.3
XP_003658357.1,1.1.2.4
XP_003658371.1,6.1.1.6
XP_003658378.1,1.2.1.16
XP_003658378.1,1.2.1.20
XP_003658378.1,1.2.1.79
XP_003658389.1,3.1.11.2
XP_003658391.1,2.3.1.48
XP_003658392.1,3.2.1.28
XP_003658393.1,4.1.2.48
XP_003658399.1,3.5.1.4
XP_003658400.1,2.7.8.1
XP_003658402.1,2.3.2.5
XP_003658410.1,2.7.1.23
XP_003658420.1,3.2.1.4
XP_003658426.1,3.1.4.12
XP_003658429.1,3.1.3.16
XP_003658429.1,3.1.3.48
XP_003658437.1,5.2.1.8
XP_003658439.1,2.3.2.27
XP_003658455.1,1.13.11.6
XP_003658456.1,3.7.1.5
XP_003658462.1,3.6.3.8
XP_003658467.1,4.6.1.1
XP_003658469.1,3.1.3.16
XP_003658472.1,3.4.19.12
XP_003658474.1,1.1.1.307
XP_003658486.1,1.1.1.65
XP_003658491.1,4.6.1.13
XP_003658503.1,2.4.2.7
XP_003658504.1,3.2.1.24
XP_003658512.1,1.14.12.17
XP_003658518.1,6.1.1.1
XP_003658532.1,3.1.26.5
XP_003658537.1,3.1.6.6
XP_003658543.1,5.1.3.15
XP_003658544.1,2.5.1.54
XP_003658546.1,3.6.3.54
XP_003658549.1,2.3.2.23
XP_003658550.1,2.7.11.1
XP_003658556.1,3.5.1.4
XP_003658560.1,1.6.5.5
XP_003658560.1,1.8.1.9
XP_003658570.1,2.3.1.225
XP_003658572.1,3.2.1.14
XP_003658576.1,2.7.7.23
XP_003658576.1,2.7.7.83
XP_003658577.1,3.2.2.29
XP_003658589.1,2.7.7.79
XP_003658591.1,2.7.7.6
XP_003658600.1,2.7.1.150
XP_003658605.1,4.2.1.94
XP_003658606.1,3.5.1.52
XP_003658608.1,6.3.4.21
XP_003658611.1,1.1.1.14
XP_003658626.1,5.2.1.8
XP_003658627.1,1.3.1.89
XP_003658636.1,1.14.13.70
XP_003658643.1,3.6.1.3
XP_003658647.1,1.3.5.1
XP_003658652.1,2.3.2.23
XP_003658653.1,2.4.1.232
XP_003658656.1,2.1.2.3
XP_003658656.1,3.5.4.10
XP_003658665.1,3.5.4.5
XP_003658667.1,6.1.1.21
XP_003658669.1,2.7.11.17
XP_003658670.1,2.3.2.25
XP_003658672.1,1.5.3.14
XP_003658672.1,1.5.3.16
XP_003658674.1,5.99.1.2
XP_003658675.1,3.2.1.73
XP_003658678.1,2.6.1.27
XP_003658678.1,2.6.1.39
XP_003658678.1,2.6.1.5
XP_003658678.1,2.6.1.57
XP_003658680.1,3.2.1.52
XP_003658682.1,1.3.3.15
XP_003658682.1,1.3.3.4
XP_003658684.1,1.1.1.363
XP_003658684.1,1.1.1.49
XP_003658688.1,3.6.4.12
XP_003658689.1,3.1.1.3
XP_003658700.1,2.4.1.267
XP_003658712.1,3.6.3.8
XP_003658713.1,3.4.25.1
XP_003658717.1,3.1.1.73
XP_003658720.1,3.1.3.36
XP_003658722.1,1.11.1.5
XP_003658732.1,3.2.1.113
XP_003658736.1,2.7.11.21
XP_003658743.1,1.2.3.15
XP_003658752.1,3.1.1.89
XP_003658753.1,1.3.1.91
XP_003658755.1,2.7.13.3
XP_003658760.1,5.4.2.8
XP_003658763.1,3.5.1.98
XP_003658765.1,2.7.7.9
XP_003658767.1,3.2.1.91
XP_003658769.1,2.7.7.49
XP_003658773.1,4.1.1.37
XP_003658777.1,2.8.1.9
XP_003658779.1,1.2.1.18
XP_003658779.1,1.2.1.27
XP_003658781.1,4.2.1.109
XP_003658788.1,2.7.1.83
XP_003658788.1,4.2.1.70
XP_003658795.1,3.6.1.1
XP_003658798.1,2.7.11.1
XP_003658800.1,2.7.4.14
XP_003658814.1,3.2.1.55
XP_003658818.1,3.6.4.13
XP_003658827.1,1.14.18.1
XP_003658828.1,2.7.7.6
XP_003658842.1,3.4.25.1
XP_003658854.1,2.7.11.1
XP_003658857.1,2.7.11.1
XP_003658860.1,1.3.1.90
XP_003658861.1,4.1.1.21
XP_003658864.1,1.3.5.1
XP_003658868.1,2.3.1.9
XP_003658875.1,3.2.1.20
XP_003658881.1,4.3.1.18
XP_003658888.1,3.4.24.64
XP_003658899.1,1.1.1.87
XP_003658907.1,1.6.5.2
XP_003658915.1,3.2.1.78
XP_003658928.1,1.1.1.34
XP_003658929.1,3.5.1.19
XP_003658934.1,5.2.1.8
XP_003658944.1,1.2.1.95
XP_003658951.1,1.14.11.2
XP_003658954.1,4.1.1.45
XP_003658957.1,3.5.99.5
XP_003658959.1,1.1.1.27
XP_003658963.1,3.5.1.98
XP_003658968.1,5.3.4.1
XP_003658973.1,4.3.1.15
XP_003658976.1,3.2.1.23
XP_003658980.1,2.4.1.15
XP_003658980.1,2.4.1.347
XP_003658980.1,3.1.3.12
XP_003658981.1,2.6.1.42
XP_003658989.1,1.6.5.3
XP_003658990.1,1.6.5.3
XP_003658999.1,2.1.1.309
XP_003659000.1,1.1.1.41
XP_003659003.1,2.7.11.1
XP_003659004.1,1.1.1.8
XP_003659014.1,3.2.1.4
XP_003659033.1,3.1.26.4
XP_003659040.1,2.4.1.25
XP_003659040.1,3.2.1.33
XP_003659041.1,1.1.1.8
XP_003659043.1,3.4.22.68
XP_003659045.1,2.7.7.80
XP_003659045.1,2.8.1.11
XP_003659050.1,3.4.25.1
XP_003659051.1,2.7.7.7
XP_003659053.1,3.1.3.48
XP_003659062.1,2.1.1.310
XP_003659069.1,4.2.1.93
XP_003659075.1,6.4.1.1
XP_003659078.1,2.1.1.41
XP_003659096.1,2.3.1.22
XP_003659100.1,6.2.1.45
XP_003659103.1,1.6.5.3
XP_003659103.1,1.6.99.3
XP_003659109.1,2.7.7.87
XP_003659111.1,3.6.4.12
XP_003659114.1,2.7.1.1
XP_003659115.1,2.5.1.48
XP_003659117.1,2.1.1.322
XP_003659119.1,3.6.4.12
XP_003659123.1,2.5.1.60
XP_003659137.1,3.2.1.21
XP_003659139.1,3.2.2.27
XP_003659150.1,2.4.1.260
XP_003659151.1,3.1.3.16
XP_003659154.1,2.1.1.43
XP_003659155.1,2.1.1.43
XP_003659161.1,1.3.1.42
XP_003659162.1,3.4.19.3
XP_003659163.1,2.4.1.144
XP_003659164.1,2.5.1.9
XP_003659166.1,5.4.2.3
XP_003659168.1,2.1.1.319
XP_003659170.1,2.7.7.7
XP_003659190.1,3.6.4.12
XP_003659193.1,1.1.1.65
XP_003659200.1,1.15.1.1
XP_003659204.1,3.4.24.59
XP_003659208.1,3.2.2.3
XP_003659209.1,2.7.11.1
XP_003659213.1,3.2.1.24
XP_003659220.1,2.7.7.7
XP_003659231.1,4.2.99.18
XP_003659232.1,2.7.11.1
XP_003659233.1,4.2.1.11
XP_003659240.1,5.3.4.1
XP_003659251.1,2.8.1.9
XP_003659254.1,3.6.4.12
XP_003659260.1,4.4.1.1
XP_003659263.1,3.4.19.12
XP_003659267.1,3.6.1.23
XP_003659268.1,2.7.1.35
XP_003659274.1,3.6.4.13
XP_003659278.1,2.1.1.85
XP_003659280.1,3.1.3.16
XP_003659283.1,6.1.1.7
XP_003659285.1,2.5.1.47
XP_003659292.1,6.1.1.12
XP_003659301.1,2.5.1.18
XP_003659307.1,3.1.1.5
XP_003659308.1,1.1.1.23
XP_003659308.1,3.5.4.19
XP_003659308.1,3.6.1.31
XP_003659310.1,3.1.3.4
XP_003659313.1,1.4.3.3
XP_003659316.1,3.2.1.113
XP_003659317.1,6.1.1.3
XP_003659319.1,3.5.1.5
XP_003659327.1,2.7.11.1
XP_003659330.1,1.5.1.7
XP_003659330.1,3.4.19.12
XP_003659331.1,1.1.1.205
XP_003659334.1,3.4.17.21
XP_003659336.1,3.1.3.16
XP_003659338.1,1.6.2.2
XP_003659347.1,1.1.1.343
XP_003659347.1,1.1.1.44
XP_003659363.1,4.1.2.52
XP_003659369.1,3.4.21.105
XP_003659372.1,1.2.1.88
XP_003659374.1,2.7.7.7
XP_003659378.1,3.1.3.21
XP_003659378.1,3.1.3.68
XP_003659380.1,2.7.11.25
XP_003659385.1,3.6.4.12
XP_003659395.1,2.3.1.234
XP_003659396.1,3.4.25.1
XP_003659398.1,2.1.1.228
XP_003659399.1,2.5.1.87
XP_003659401.1,3.1.13.1
XP_003659404.1,2.4.1.16
XP_003659408.1,2.4.2.17
XP_003659413.1,3.6.4.12
XP_003659416.1,2.4.1.109
XP_003659427.1,2.5.1.54
XP_003659428.1,5.2.1.8
XP_003659429.1,1.13.12.4
XP_003659435.1,6.2.1.4
XP_003659435.1,6.2.1.5
XP_003659437.1,3.6.5.5
XP_003659440.1,3.2.1.1
XP_003659450.1,2.7.1.25
XP_003659453.1,6.1.1.15
XP_003659458.1,3.4.19.12
XP_003659462.1,5.4.2.2
XP_003659474.1,3.4.25.1
XP_003659475.1,2.7.1.67
XP_003659477.1,2.5.1.78
XP_003659507.1,2.7.2.1
XP_003659509.1,1.6.5.3
XP_003659518.1,2.7.1.82
XP_003659519.1,2.1.2.10
XP_003659539.1,3.6.1.7
XP_003659542.1,3.1.3.16
XP_003659544.1,2.7.11.1
XP_003659546.1,2.4.99.18
XP_003659551.1,2.3.1.168
XP_003659552.1,2.7.1.12
XP_003659553.1,3.4.14.4
XP_003659557.1,3.6.4.13
XP_003659560.1,1.1.1.170
XP_003659564.1,2.3.2.23
XP_003659567.1,3.6.4.13
XP_003659573.1,6.3.5.5
XP_003659584.1,6.3.1.14
XP_003659586.1,2.3.1.22
XP_003659591.1,5.4.3.2
XP_003659597.1,2.5.1.6
XP_003659599.1,1.5.1.15
XP_003659608.1,3.2.1.89
XP_003659613.1,2.7.12.1
XP_003659648.1,3.5.4.6
XP_003659657.1,3.6.1.10
XP_003659660.1,2.5.1.48
XP_003659664.1,5.1.3.1
XP_003659665.1,2.3.2.26
XP_003659674.1,2.1.1.297
XP_003659687.1,3.6.4.12
XP_003659689.1,3.1.31.1
XP_003659693.1,2.3.2.26
XP_003659694.1,4.2.99.18
XP_003659698.1,3.1.4.1
XP_003659699.1,3.1.4.1
XP_003659708.1,2.7.11.1
XP_003659720.1,1.1.2.3
XP_003659723.1,2.6.1.16
XP_003659728.1,6.3.1.2
XP_003659745.1,6.3.5.4
XP_003659746.1,6.3.5.4
XP_003659757.1,3.2.1.8
XP_003659769.1,3.2.1.58
XP_003659779.1,3.6.4.13
XP_003659798.1,2.7.11.1
XP_003659803.1,3.2.1.22
XP_003659809.1,1.14.18.1
XP_003659810.1,4.1.3.4
XP_003659812.1,2.1.1.41
XP_003659813.1,1.2.4.1
XP_003659824.1,2.3.1.31
XP_003659830.1,3.6.1.13
XP_003659834.1,1.14.18.1
XP_003659837.1,2.5.1.18
XP_003659844.1,2.1.1.107
XP_003659848.1,3.4.19.12
XP_003659849.1,2.3.1.181
XP_003659854.1,6.4.1.4
XP_003659857.1,2.7.12.2
XP_003659865.1,2.7.1.1
XP_003659866.1,2.3.1.258
XP_003659868.1,5.2.1.8
XP_003659871.1,3.1.2.2
XP_003659871.1,3.1.2.27
XP_003659883.1,2.4.1.232
XP_003659887.1,6.5.1.4
XP_003659889.1,2.4.2.19
XP_003659891.1,1.2.1.38
XP_003659891.1,2.7.2.8
XP_003659893.1,2.8.1.8
XP_003659904.1,1.1.1.352
XP_003659905.1,1.2.1.11
XP_003659913.1,6.1.1.12
XP_003659923.1,2.7.11.1
XP_003659924.1,2.7.11.1
XP_003659927.1,2.7.1.11
XP_003659944.1,3.5.4.34
XP_003659946.1,1.11.1.15
XP_003659949.1,2.7.1.33
XP_003659957.1,1.1.3.37
XP_003659957.1,1.1.3.8
XP_003659959.1,2.7.11.1
XP_003659966.1,2.7.1.32
XP_003659966.1,2.7.1.82
XP_003659976.1,2.8.1.12
XP_003659987.1,3.4.22.40
XP_003659999.1,2.7.11.1
XP_003659999.1,2.7.11.11
XP_003660000.1,3.1.3.56
XP_003660000.1,6.5.1.4
XP_003660001.1,2.7.11.1
XP_003660009.1,3.1.26.5
XP_003660021.1,3.4.21.48
XP_003660028.1,4.1.1.15
XP_003660037.1,3.4.11.19
XP_003660039.1,1.15.1.1
XP_003660041.1,2.2.1.2
XP_003660044.1,3.1.1.13
XP_003660052.1,1.1.1.250
XP_003660053.1,6.4.1.4
XP_003660054.1,1.3.8.4
XP_003660056.1,3.1.1.45
XP_003660058.1,2.3.2.23
XP_003660060.1,1.3.1.38
XP_003660061.1,2.7.1.137
XP_003660065.1,6.3.5.6
XP_003660065.1,6.3.5.7
XP_003660069.1,4.2.1.79
XP_003660092.1,2.7.7.48
XP_003660093.1,1.1.2.4
XP_003660096.1,3.2.1.14
XP_003660107.1,3.6.1.3
XP_003660107.1,3.6.3.1
XP_003660107.1,3.6.3.8
XP_003660118.1,3.1.26.5
XP_003660119.1,3.6.4.13
XP_003660128.1,3.6.4.13
XP_003660133.1,6.3.2.51
XP_003660141.1,2.7.11.1
XP_003660142.1,4.2.1.2
XP_003660143.1,2.3.3.9
XP_003660146.1,4.2.99.18
XP_003660147.1,2.1.1.37
XP_003660149.1,3.2.1.101
XP_003660153.1,3.1.1.5
XP_003660158.1,1.1.1.320
XP_003660161.1,2.3.1.225
XP_003660167.1,2.3.3.13
XP_003660170.1,2.1.1.282
XP_003660171.1,1.8.4.10
XP_003660171.1,1.8.4.8
XP_003660172.1,3.1.3.3
XP_003660185.1,2.7.8.1
XP_003660185.1,2.7.8.2
XP_003660191.1,2.7.7.4
XP_003660195.1,2.1.1.211
XP_003660209.1,6.1.1.9
XP_003660213.1,4.2.99.18
XP_003660219.1,2.3.1.258
XP_003660221.1,2.7.7.7
XP_003660227.1,3.1.3.99
XP_003660232.1,2.7.7.7
XP_003660233.1,2.3.1.225
XP_003660234.1,2.1.1.43
XP_003660234.1,2.3.1.225
XP_003660241.1,4.2.2.2
XP_003660245.1,2.7.6.1
XP_003660246.1,3.1.3.16
XP_003660246.1,3.1.3.48
XP_003660246.1,3.1.3.67
XP_003660248.1,3.1.3.48
XP_003660261.1,2.4.1.142
XP_003660262.1,2.3.2.23
XP_003660264.1,2.1.1.314
XP_003660277.1,2.7.11.1
XP_003660278.1,5.3.1.9
XP_003660282.1,2.4.1.232
XP_003660297.1,2.8.3.13
XP_003660304.1,5.3.1.1
XP_003660305.1,5.3.1.6
XP_003660306.1,2.7.1.28
XP_003660306.1,2.7.1.29
XP_003660306.1,4.6.1.15
XP_003660307.1,4.1.2.13
XP_003660308.1,1.1.1.31
XP_003660308.1,2.1.1.43
XP_003660310.1,2.4.1.232
XP_003660314.1,2.1.1.214
XP_003660315.1,3.1.26.5
XP_003660317.1,6.5.1.3
XP_003660318.1,2.4.2.18
XP_003660334.1,1.13.11.20
XP_003660337.1,2.7.7.7
XP_003660339.1,2.7.11.1
XP_003660342.1,3.1.3.16
XP_003660348.1,4.1.3.44
XP_003660352.1,2.10.1.1
XP_003660352.1,2.7.7.75
XP_003660353.1,3.1.26.5
XP_003660357.1,1.14.11.27
XP_003660363.1,6.3.5.5
XP_003660375.1,2.3.1.9
XP_003660376.1,2.3.2.23
XP_003660380.1,2.1.1.233
XP_003660387.1,4.4.1.8
XP_003660388.1,3.6.1.3
XP_003660393.1,1.18.1.6
XP_003660398.1,3.6.4.12
XP_003660413.1,2.3.1.7
XP_003660416.1,2.7.7.72
XP_003660421.1,3.6.1.5
XP_003660423.1,2.7.6.2
XP_003660426.1,3.1.27.9
XP_003660431.1,1.1.1.381
XP_003660438.1,2.3.2.27
XP_003660439.1,2.1.1.17
XP_003660451.1,3.6.4.12
XP_003660453.1,1.5.1.20
XP_003660457.1,1.1.1.41
XP_003660477.1,3.6.4.13
XP_003660486.1,5.3.3.2
XP_003660495.1,3.4.21.53
XP_003660497.1,1.6.2.4
XP_003660499.1,2.7.11.1
XP_003660502.1,1.1.1.302
XP_003660504.1,1.14.13.1
XP_003660505.1,1.14.13.1
XP_003660531.1,3.6.4.13
XP_003660543.1,2.3.1.1
XP_003660548.1,3.6.1.29
XP_003660550.1,4.99.1.1
XP_003660550.1,4.99.1.9
XP_003660556.1,3.1.1.4
XP_003660560.1,3.1.3.16
XP_003660564.1,2.1.3.2
XP_003660564.1,6.3.5.5
XP_003660570.1,1.4.3.5
XP_003660573.1,3.4.19.12
XP_003660574.1,3.6.4.13
XP_003660579.1,3.6.4.13
XP_003660582.1,1.14.18.9
XP_003660583.1,4.2.1.96
XP_003660597.1,2.4.1.117
XP_003660598.1,1.14.14.17
XP_003660603.1,3.1.1.5
XP_003660603.1,3.1.3.99
XP_003660604.1,4.1.1.105
XP_003660604.1,4.1.1.28
XP_003660606.1,1.1.2.3
XP_003660610.1,3.2.1.8
XP_003660616.1,1.14.99.29
XP_003660618.1,2.7.6.1
XP_003660620.1,2.7.7.52
XP_003660632.1,2.7.1.67
XP_003660637.1,2.7.1.67
XP_003660638.1,1.14.19.1
XP_003660644.1,3.4.21.53
XP_003660646.1,3.1.3.7
XP_003660648.1,2.3.1.47
XP_003660649.1,2.6.1.62
XP_003660649.1,6.3.3.3
XP_003660652.1,3.4.25.1
XP_003660654.1,2.1.1.287
XP_003660657.1,2.4.2.10
XP_003660666.1,1.14.19.41
XP_003660677.1,2.4.1.16
XP_003660679.1,1.7.1.1
XP_003660679.1,1.7.1.2
XP_003660679.1,1.7.1.3
XP_003660692.1,2.3.2.27
XP_003660698.1,2.1.1.202
XP_003660699.1,1.14.11.27
XP_003660706.1,1.4.3.5
XP_003660707.1,3.2.1.39
XP_003660725.1,4.2.1.33
XP_003660726.1,1.14.11.27
XP_003660730.1,6.2.1.3
XP_003660735.1,2.7.8.15
XP_003660741.1,5.2.1.8
XP_003660742.1,6.2.1.45
XP_003660743.1,1.8.5.7
XP_003660744.1,2.4.1.16
XP_003660745.1,2.4.1.16
XP_003660749.1,1.97.1.4
XP_003660752.1,1.14.99.51
XP_003660752.1,2.1.1.44
XP_003660754.1,2.7.1.15
XP_003660760.1,1.3.1.34
XP_003660765.1,1.1.1.100
XP_003660766.1,2.4.1.83
XP_003660767.1,3.6.3.7
XP_003660771.1,2.7.11.1
XP_003660779.1,1.14.11.17
XP_003660782.1,4.2.99.18
XP_003660786.1,1.6.2.2
XP_003660788.1,3.6.4.13
XP_003660789.1,3.2.1.91
XP_003660792.1,3.1.4.4
XP_003660805.1,6.1.1.18
XP_003660817.1,2.7.4.2
XP_003660823.1,3.1.3.96
XP_003660828.1,3.1.26.5
XP_003660829.1,6.3.2.1
XP_003660830.1,3.4.16.6
XP_003660841.1,6.3.5.3
XP_003660844.1,2.7.1.6
XP_003660846.1,2.2.1.6
XP_003660853.1,2.3.2.27
XP_003660867.1,2.7.1.91
XP_003660869.1,2.6.1.1
XP_003660873.1,1.1.1.26
XP_003660874.1,3.3.1.1
XP_003660879.1,5.3.1.6
XP_003660883.1,2.1.1.181
XP_003660889.1,5.2.1.8
XP_003660891.1,2.1.1.43
XP_003660893.1,3.2.1.23
XP_003660894.1,2.1.3.15
XP_003660894.1,6.3.4.14
XP_003660894.1,6.4.1.2
XP_003660896.1,3.6.1.13
XP_003660897.1,1.14.99.54
XP_003660913.1,2.7.7.53
XP_003660918.1,1.11.1.6
XP_003660932.1,3.6.4.12
XP_003660953.1,6.3.2.6
XP_003660962.1,6.1.1.12
XP_003660995.1,4.1.2.52
XP_003661002.1,1.14.13.195
XP_003661002.1,1.14.13.196
XP_003661009.1,4.1.1.46
XP_003661010.1,1.2.1.3
XP_003661011.1,1.14.13.1
XP_003661018.1,2.4.1.17
XP_003661032.1,3.2.1.91
XP_003661041.1,2.4.2.30
XP_003661045.1,3.6.5.4
XP_003661051.1,3.5.4.16
XP_003661054.1,1.1.1.41
XP_003661059.1,1.13.99.1
XP_003661063.1,3.2.1.25
XP_003661063.1,4.1.2.13
XP_003661078.1,2.5.1.18
XP_003661084.1,3.2.1.20
XP_003661088.1,2.1.2.1
XP_003661101.1,2.7.13.3
XP_003661104.1,2.7.11.1
XP_003661108.1,3.1.3.16
XP_003661117.1,2.7.12.2
XP_003661120.1,3.5.2.9
XP_003661121.1,2.7.11.1
XP_003661128.1,2.7.7.7
XP_003661139.1,2.8.1.7
XP_003661141.1,3.5.4.4
XP_003661150.1,4.1.3.38
XP_003661153.1,2.7.12.1
XP_003661155.1,2.5.1.1
XP_003661155.1,2.5.1.10
XP_003661155.1,2.5.1.29
XP_003661161.1,1.2.1.41
XP_003661166.1,6.2.1.17
XP_003661180.1,2.4.1.16
XP_003661184.1,3.4.19.12
XP_003661186.1,1.1.1.86
XP_003661187.1,4.3.1.19
XP_003661188.1,1.13.11.52
XP_003661190.1,2.1.1.185
XP_003661195.1,3.1.1.65
XP_003661246.1,4.2.1.24
XP_003661258.1,3.5.4.12
XP_003661259.1,3.5.4.12
XP_003661261.1,1.14.99.54
XP_003661262.1,1.6.5.3
XP_003661262.1,1.6.99.3
XP_003661264.1,3.5.1.23
XP_003661268.1,3.4.11.9
XP_003661271.1,6.3.2.2
XP_003661273.1,3.6.4.13
XP_003661276.1,1.8.4.14
XP_003661281.1,4.1.1.65
XP_003661286.1,5.5.1.4
XP_003661287.1,6.2.1.12
XP_003661299.1,1.1.1.1
XP_003661299.1,1.1.1.284
XP_003661301.1,4.2.99.18
XP_003661303.1,3.1.4.46
XP_003661315.1,4.1.1.17
XP_003661316.1,2.5.1.48
XP_003661323.1,3.6.4.13
XP_003661329.1,1.14.13.1
XP_003661340.1,3.5.99.7
XP_003661344.1,6.3.2.12
XP_003661346.1,2.7.11.1
XP_003661348.1,1.3.1.71
XP_003661352.1,2.1.1.312
XP_003661353.1,2.2.1.1
XP_003661358.1,2.4.2.29
XP_003661364.1,6.3.5.1
XP_003661365.1,2.1.1.268
XP_003661378.1,2.3.1.1
XP_003661378.1,2.3.1.35
XP_003661380.1,4.2.1.19
XP_003661399.1,2.5.1.18
XP_003661400.1,2.7.7.7
XP_003661405.1,2.7.6.1
XP_003661406.1,4.1.1.17
XP_003661410.1,1.13.12.16
XP_003661411.1,2.3.1.254
XP_003661419.1,3.1.4.11
XP_003661420.1,2.3.1.225
XP_003661421.1,2.3.2.23
XP_003661425.1,4.2.1.104
XP_003661437.1,1.1.2.3
XP_003661448.1,3.6.1.42
XP_003661454.1,3.1.2.6
XP_003661456.1,1.5.1.10
XP_003661456.1,2.5.1.16
XP_003661458.1,2.7.1.3
XP_003661459.1,2.7.1.23
XP_003661464.1,5.3.4.1
XP_003661475.1,2.3.2.31
XP_003661476.1,3.6.1.43
XP_003661483.1,3.2.1.21
XP_003661486.1,3.4.24.84
XP_003661490.1,2.7.1.36
XP_003661491.1,2.5.1.58
XP_003661491.1,2.5.1.59
XP_003661499.1,1.5.1.20
XP_003661511.1,3.2.1.14
XP_003661514.1,2.3.2.23
XP_003661519.1,3.4.11.22
XP_003661529.1,6.5.1.1
XP_003661534.1,3.6.4.13
XP_003661536.1,2.1.1.219
XP_003661536.1,2.1.1.220
XP_003661539.1,2.7.4.6
XP_003661540.1,3.2.1.84
XP_003661545.1,3.4.22.68
XP_003661547.1,3.4.25.1
XP_003661548.1,3.6.4.13
XP_003661550.1,3.1.3.27
XP_003661556.1,6.2.1.16
XP_003661565.1,3.4.13.19
XP_003661572.1,1.11.1.9
XP_003661574.1,4.1.2.54
XP_003661578.1,1.1.1.157
XP_003661598.1,3.4.19.12
XP_003661615.1,2.4.2.9
XP_003661618.1,6.1.1.11
XP_003661622.1,2.7.4.3
XP_003661623.1,2.7.4.3
XP_003661626.1,1.1.1.399
XP_003661626.1,1.1.1.95
XP_003661630.1,2.7.11.22
XP_003661630.1,2.7.11.23
XP_003661632.1,3.1.26.5
XP_003661633.1,3.1.3.16
XP_003661637.1,2.6.1.52
XP_003661640.1,2.6.1.85
XP_003661642.1,3.4.25.1
XP_003661655.1,3.1.1.23
XP_003661657.1,2.4.1.186
XP_003661660.1,2.3.1.199
XP_003661661.1,1.14.99.54
XP_003661666.1,2.4.1.11
XP_003661668.1,1.14.14.5
XP_003661674.1,2.7.11.22
XP_003661674.1,2.7.11.23
XP_003661686.1,3.6.4.12
XP_003661689.1,2.5.1.1
XP_003661689.1,2.5.1.10
XP_003661691.1,1.1.1.133
XP_003661691.1,2.5.1.6
XP_003661691.1,2.7.7.1
XP_003661691.1,2.7.7.18
XP_003661692.1,2.7.1.105
XP_003661692.1,3.1.3.46
XP_003661695.1,1.3.8.7
XP_003661700.1,3.6.1.43
XP_003661700.1,5.4.99.28
XP_003661706.1,2.7.11.1
XP_003661707.1,2.3.2.23
XP_003661712.1,2.7.7.7
XP_003661714.1,1.4.1.4
XP_003661719.1,5.2.1.8
XP_003661723.1,2.1.1.43
XP_003661724.1,3.6.3.14
XP_003661726.1,3.1.27.9
XP_003661729.1,2.5.1.61
XP_003661731.1,5.4.99.7
XP_003661732.1,5.4.99.7
XP_003661735.1,2.1.1.244
XP_003661740.1,2.7.8.5
XP_003661742.1,1.6.1.2
XP_003661752.1,3.4.14.9
XP_003661755.1,3.6.4.13
XP_003661756.1,6.5.1.1
XP_003661771.1,6.1.1.20
XP_003661775.1,6.1.1.17
XP_003661787.1,1.14.99.54
XP_003661792.1,1.14.99.54
XP_003661798.1,3.6.1.3
XP_003661798.1,3.6.3.1
XP_003661802.1,4.2.1.36
XP_003661803.1,2.5.1.75
XP_003661815.1,2.4.1.80
XP_003661816.1,3.1.27.9
XP_003661819.1,4.1.1.65
XP_003661828.1,3.6.4.13
XP_003661850.1,4.2.1.1
XP_003661854.1,4.1.1.50
XP_003661857.1,1.14.13.12
XP_003661860.1,3.2.1.164
XP_003661864.1,2.1.2.2
XP_003661869.1,2.3.2.23
XP_003661869.1,2.3.2.24
XP_003661873.1,3.1.1.29
XP_003661877.1,3.1.3.37
XP_003661882.1,3.2.1.113
XP_003661886.1,3.1.3.36
XP_003661887.1,1.14.99.56
XP_003661888.1,3.1.27.3
XP_003661896.1,3.2.1.23
XP_003661901.1,2.7.11.1
XP_003661901.1,2.7.11.21
XP_003661902.1,2.3.1.48
XP_003661903.1,6.2.1.4
XP_003661903.1,6.2.1.5
XP_003661904.1,2.3.2.23
XP_003661914.1,1.15.1.1
XP_003661921.1,2.1.1.313
XP_003661921.1,3.6.4.12
XP_003661950.1,2.7.1.86
XP_003661956.1,3.1.13.4
XP_003661966.1,4.2.1.9
XP_003661967.1,3.4.21.92
XP_003661969.1,3.1.3.41
XP_003661974.1,2.3.1.26
XP_003661975.1,2.1.1.205
XP_003661977.1,5.2.1.8
XP_003661987.1,2.5.1.18
XP_003662003.1,2.1.1.22
XP_003662006.1,4.1.1.65
XP_003662012.1,2.3.2.27
XP_003662014.1,2.1.1.1
XP_003662020.1,3.4.19.12
XP_003662034.1,2.3.1.234
XP_003662038.1,2.7.2.4
XP_003662039.1,3.6.1.3
XP_003662050.1,3.6.3.1
XP_003662053.1,6.1.1.4
XP_003662055.1,1.17.1.9
XP_003662059.1,3.6.4.13
XP_003662061.1,3.6.4.13
XP_003662062.1,3.1.3.16
XP_003662063.1,1.1.1.289
XP_003662064.1,1.14.11.8
XP_003662064.1,3.1.3.1
XP_003662069.1,3.4.19.12
XP_003662081.1,3.1.1.47
XP_003662081.1,3.1.1.5
XP_003662081.1,3.5.1.1
XP_003662083.1,3.2.1.101
XP_003662084.1,2.7.1.28
XP_003662084.1,2.7.1.29
XP_003662084.1,4.6.1.15
XP_003662085.1,3.1.2.4
XP_003662086.1,1.3.1.88
XP_003662086.1,2.7.1.108
XP_003662096.1,3.1.11.1
XP_003662100.1,4.3.1.17
XP_003662100.1,4.3.1.19
XP_003662102.1,6.1.1.10
XP_003662109.1,2.7.11.22
XP_003662109.1,2.7.11.23
XP_003662111.1,2.3.2.27
XP_003662112.1,2.3.2.27
XP_003662115.1,3.2.1.106
XP_003662124.1,3.5.2.17
XP_003662125.1,3.6.3.16
XP_003662128.1,4.1.3.38
XP_003662129.1,3.4.16.6
XP_003662131.1,6.1.1.2
XP_003662132.1,2.3.2.2
XP_003662132.1,3.4.19.13
XP_003662135.1,5.1.99.4
XP_003662136.1,3.6.5.5
XP_003662145.1,1.1.99.40
XP_003662145.1,2.7.11.1
XP_003662147.1,3.4.11.9
XP_003662150.1,2.7.11.1
XP_003662150.1,2.7.11.26
XP_003662167.1,1.1.1.40
XP_003662168.1,1.1.1.40
XP_003662180.1,5.4.99.25
XP_003662182.1,2.1.1.95
XP_003662184.1,3.3.2.6
XP_003662188.1,3.5.1.3
XP_003662189.1,2.5.1.16
XP_003662191.1,3.2.1.21
XP_003662192.1,3.2.1.8
XP_003662193.1,2.4.2.14
XP_003662194.1,3.2.1.28
XP_003662206.1,4.1.3.1
XP_003662215.1,2.3.1.47
XP_003662215.1,4.1.1.36
XP_003662218.1,2.4.1.16
XP_003662223.1,2.7.1.39
XP_003662240.1,4.1.3.38
XP_003662247.1,2.6.1.42
XP_003662250.1,2.7.7.14
XP_003662255.1,3.2.1.101
XP_003662264.1,3.4.11.18
XP_003662267.1,6.3.5.4
XP_003662272.1,2.1.2.9
XP_003662275.1,3.4.16.6
XP_003662276.1,1.3.98.1
XP_003662277.1,4.2.1.10
XP_003662278.1,4.2.1.10
XP_003662281.1,3.5.2.3
XP_003662285.1,2.7.11.1
XP_003662290.1,3.3.2.9
XP_003662291.1,3.6.4.12
XP_003662292.1,2.3.2.27
XP_003662298.1,3.4.19.12
XP_003662303.1,3.1.3.16
XP_003662308.1,2.3.1.255
XP_003662312.1,1.11.1.15
XP_003662317.1,3.2.2.21
XP_003662320.1,3.6.4.13
XP_003662321.1,6.2.1.8
XP_003662333.1,1.14.18.5
XP_003662333.1,1.14.19.17
XP_003662341.1,2.1.1.183
XP_003662345.1,2.7.11.24
XP_003662346.1,3.1.3.2
XP_003662346.1,3.1.3.48
XP_003662349.1,3.4.25.1
XP_003662365.1,2.7.11.1
XP_003662367.1,2.5.1.43
XP_003662368.1,2.1.1.229
XP_003662374.1,2.5.1.1
XP_003662374.1,2.5.1.10
XP_003662374.1,2.5.1.29
XP_003662399.1,2.7.13.3
XP_003662402.1,3.2.1.8
XP_003662409.1,3.5.4.12
XP_003662419.1,5.3.1.8
XP_003662422.1,2.7.11.22
XP_003662422.1,2.7.11.23
XP_003662429.1,5.2.1.8
XP_003662434.1,3.5.4.25
XP_003662435.1,3.2.1.91
XP_003662448.1,3.1.1.72
XP_003662449.1,3.2.1.10
XP_003662449.1,3.2.1.20
XP_003662456.1,3.6.3.44
XP_003662457.1,1.11.1.21
XP_003662459.1,3.2.1.10
XP_003662461.1,3.1.3.5
XP_003662462.1,1.14.14.1
XP_003662465.1,3.1.3.5
XP_003662489.1,2.5.1.18
XP_003662493.1,1.14.13.7
XP_003662495.1,2.4.1.217
XP_003662498.1,4.2.1.1
XP_003662513.1,4.2.1.9
XP_003662515.1,1.14.18.1
XP_003662518.1,2.3.2.27
XP_003662529.1,1.13.11.52
XP_003662530.1,3.7.1.3
XP_003662538.1,2.7.11.1
XP_003662551.1,1.6.5.3
XP_003662551.1,1.6.99.3
XP_003662569.1,3.2.1.39
XP_003662572.1,4.2.1.94
XP_003662579.1,2.7.7.2
XP_003662586.1,3.5.1.89
XP_003662619.1,3.6.4.13
XP_003662620.1,2.7.1.49
XP_003662620.1,2.7.4.7
XP_003662620.1,3.5.99.2
XP_003662622.1,1.7.3.3
XP_003662629.1,2.1.1.317
XP_003662638.1,2.7.7.7
XP_003662643.1,2.7.12.1
XP_003662646.1,3.2.1.4
XP_003662654.1,1.17.4.1
XP_003662656.1,3.6.1.62
XP_003662659.1,2.7.11.22
XP_003662662.1,2.6.1.13
XP_003662663.1,2.7.11.1
XP_003662671.1,4.1.1.48
XP_003662671.1,4.1.3.27
XP_003662671.1,5.3.1.24
XP_003662674.1,1.3.3.15
XP_003662674.1,1.3.3.4
XP_003662676.1,5.2.1.8
XP_003662682.1,3.1.2.12
XP_003662684.1,3.4.24.80
XP_003662685.1,6.3.3.1
XP_003662685.1,6.3.4.13
XP_003662686.1,2.3.1.51
XP_003662692.1,1.1.1.37
XP_003662703.1,3.2.1.4
XP_003662704.1,3.2.1.21
XP_003662709.1,3.4.11.21
XP_003662717.1,3.4.22.49
XP_003662729.1,1.5.1.2
XP_003662757.1,3.6.4.13
XP_003662758.1,2.7.12.2
XP_003662759.1,5.4.99.27
XP_003662762.1,3.1.1.3
XP_003662763.1,2.3.2.27
XP_003662764.1,4.2.1.17
XP_003662770.1,5.2.1.8
XP_003662778.1,1.14.18.5
XP_003662782.1,3.1.3.2
XP_003662785.1,6.1.1.22
XP_003662789.1,2.5.1.47
XP_003662793.1,3.6.4.12
XP_003662794.1,3.4.25.1
XP_003662795.1,1.1.99.40
XP_003662797.1,6.5.1.1
XP_003662797.1,6.5.1.6
XP_003662797.1,6.5.1.7
XP_003662798.1,1.2.4.1
XP_003662801.1,2.3.1.48
XP_003662802.1,1.5.1.2
XP_003662809.1,2.7.11.1
XP_003662809.1,2.7.11.17
XP_003662810.1,2.7.11.1
XP_003662810.1,2.7.11.17
XP_003662819.1,2.3.1.20
XP_003662819.1,2.3.1.75
XP_003662819.1,2.3.1.76
XP_003662820.1,2.1.1.100
XP_003662829.1,3.1.3.16
XP_003662833.1,2.3.1.12
XP_003662837.1,1.13.11.1
XP_003662840.1,2.3.1.179
XP_003662842.1,1.5.1.3
XP_003662848.1,1.3.1.88
XP_003662864.1,5.99.1.2
XP_003662867.1,3.1.3.41
XP_003662868.1,3.1.1.31
XP_003662869.1,3.2.1.101
XP_003662876.1,2.7.1.160
XP_003662878.1,3.1.3.48
XP_003662887.1,2.7.8.41
XP_003662891.1,2.3.2.32
XP_003662896.1,2.1.1.286
XP_003662897.1,3.1.3.77
XP_003662900.1,3.6.4.13
XP_003662902.1,2.7.11.11
XP_003662912.1,1.1.1.85
XP_003662924.1,1.13.11.53
XP_003662924.1,1.13.11.54
XP_003662929.1,2.3.1.23
XP_003662929.1,2.3.1.51
XP_003662933.1,6.3.2.3
XP_003662935.1,2.3.1.37
XP_003662937.1,4.3.2.2
XP_003662939.1,2.5.1.3
XP_003662939.1,2.7.1.50
XP_003662954.1,1.3.1.22
XP_003662954.1,1.3.1.94
XP_003662964.1,1.2.1.3
XP_003662964.1,1.2.1.5
XP_003662974.1,3.4.19.12
XP_003662975.1,3.1.26.5
XP_003662976.1,1.6.99.3
XP_003662979.1,5.3.1.16
XP_003662988.1,3.1.3.76
XP_003662988.1,3.3.2.10
XP_003662990.1,3.6.3.1
XP_003662995.1,2.4.1.265
XP_003662996.1,2.4.1.265
XP_003662998.1,3.4.13.9
XP_003663005.1,2.5.1.18
XP_003663019.1,2.7.1.24
XP_003663025.1,2.7.11.1
XP_003663030.1,2.7.1.158
XP_003663032.1,1.11.1.6
XP_003663033.1,2.7.11.1
XP_003663045.1,5.3.3.5
XP_003663046.1,2.1.1.311
XP_003663048.1,6.3.3.1
XP_003663048.1,6.3.4.13
XP_003663058.1,2.3.1.24
XP_003663079.1,1.6.5.9
XP_003663081.1,2.7.7.19
XP_003663083.1,4.2.1.134
XP_003663085.1,6.1.1.20
XP_003663086.1,6.1.1.20
XP_003663097.1,3.1.3.1
XP_003663098.1,1.3.1.13
XP_003663100.1,3.1.11.2
XP_003663103.1,3.7.1.3
XP_003663104.1,1.4.1.2
XP_003663108.1,6.1.1.17
XP_003663118.1,3.6.4.12
XP_003663120.1,3.1.26.11
XP_003663121.1,6.1.1.10
XP_003663123.1,2.4.2.9
XP_003663124.1,6.5.1.1
XP_003663126.1,2.1.1.43
XP_003663130.1,3.4.24.64
XP_003663152.1,3.1.3.16
XP_003663155.1,3.5.4.4
XP_003663162.1,6.2.1.16
XP_003663163.1,2.3.1.50
XP_003663168.1,3.4.16.5
XP_003663169.1,3.1.4.17
XP_003663171.1,3.4.19.12
XP_003663172.1,3.4.24.56
XP_003663179.1,3.1.3.64
XP_003663179.1,3.1.3.95
XP_003663186.1,6.3.4.4
XP_003663190.1,4.1.99.22
XP_003663190.1,4.6.1.17
XP_003663211.1,1.14.18.1
XP_003663216.1,3.1.1.23
XP_003663218.1,2.7.11.1
XP_003663218.1,2.7.11.22
XP_003663219.1,2.3.2.5
XP_003663226.1,2.1.1.313
XP_003663228.1,6.2.1.45
XP_003663236.1,2.6.1.19
XP_003663236.1,2.6.1.22
XP_003663237.1,2.1.1.43
XP_003663242.1,2.3.2.27
XP_003663244.1,3.6.3.44
XP_003663248.1,5.3.1.1
XP_003663257.1,5.3.3.8
XP_003663259.1,3.6.1.22
XP_003663275.1,2.7.7.7
XP_003663276.1,2.3.2.27
XP_003663278.1,2.7.11.1
XP_003663280.1,3.4.11.18
XP_003663283.1,2.7.11.1
XP_003663284.1,6.1.1.14
XP_003663287.1,4.2.1.46
XP_003663295.1,2.1.1.14
XP_003663301.1,2.7.11.1
XP_003663301.1,2.7.11.17
XP_003663309.1,2.7.1.20
XP_003663315.1,4.2.1.51
XP_003663318.1,2.7.11.25
XP_003663322.1,1.1.1.102
XP_003663322.1,1.1.1.56
XP_003663336.1,2.7.7.50
XP_003663348.1,1.14.11.2
XP_003663350.1,1.6.2.2
XP_003663360.1,2.7.1.67
XP_003663365.1,2.7.1.17
XP_003663371.1,6.1.1.2
XP_003663373.1,3.4.11.9
XP_003663375.1,2.7.11.1
XP_003663375.1,2.7.11.21
XP_003663378.1,2.7.11.1
XP_003663380.1,2.7.2.11
XP_003663382.1,1.1.99.18
XP_003663392.1,2.7.12.1
XP_003663394.1,3.1.26.11
XP_003663395.1,3.6.4.13
XP_003663400.1,3.2.1.181
XP_003663402.1,3.1.4.17
XP_003663412.1,1.14.13.22
XP_003663414.1,1.14.99.54
XP_003663417.1,1.3.1.70
XP_003663420.1,3.2.1.21
XP_003663428.1,4.2.1.22
XP_003663429.1,2.3.1.225
XP_003663436.1,1.1.1.22
XP_003663441.1,3.2.1.4
XP_003663446.1,3.4.14.5
XP_003663448.1,3.4.19.12
XP_003663454.1,3.2.1.58
XP_003663455.1,2.7.7.53
XP_003663456.1,2.7.7.53
XP_003663492.1,3.1.1.72
XP_003663497.1,3.4.17.4
XP_003663516.1,3.3.2.9
XP_003663518.1,3.6.3.4
XP_003663526.1,2.3.1.12
XP_003663529.1,3.2.1.8
XP_003663544.1,3.2.1.14
XP_003663548.1,4.4.1.36
XP_003663551.1,3.4.14.9
XP_003663552.1,3.4.14.9
XP_003663559.1,1.1.1.37
XP_003663560.1,3.6.3.8
XP_003663570.1,1.3.1.33
XP_003663575.1,2.7.6.2
XP_003663583.1,3.4.23.18
XP_003663588.1,3.2.1.21
XP_003663591.1,3.2.1.37
XP_003663592.1,4.4.1.16
XP_003663592.1,4.4.1.36
XP_003663593.1,2.7.1.12
XP_003663595.1,1.1.1.283
XP_003663596.1,1.14.13.1
XP_003663610.1,1.14.13.1
XP_003663613.1,4.2.1.94
XP_003663614.1,1.1.1.252
XP_003663625.1,3.1.1.45
XP_003663631.1,1.3.1.76
XP_003663631.1,4.99.1.4
XP_003663636.1,3.1.1.72
XP_003663641.1,2.7.7.41
XP_003663642.1,2.3.1.16
XP_003663644.1,3.2.1.37
XP_003663647.1,1.14.14.1
XP_003663647.1,1.6.2.4
XP_003663654.1,1.1.99.1
XP_003663657.1,1.14.99.54
XP_003663665.1,2.7.1.78
XP_003663665.1,3.1.3.32
XP_003663667.1,3.2.1.99
XP_003663670.1,4.2.1.9
XP_003663671.1,4.2.1.9
XP_003663676.1,4.4.1.17
XP_003663678.1,4.1.1.33
XP_003663679.1,3.6.3.7
XP_003663684.1,3.2.1.101
XP_003663689.1,3.4.14.9
XP_003663690.1,2.4.1.183
XP_003663691.1,3.2.1.1
XP_003663695.1,1.1.2.4
XP_003663697.1,3.2.1.55
XP_003663700.1,3.2.1.4
XP_003663752.1,3.2.1.1
XP_003663760.1,4.2.2.10
XP_003663783.1,2.7.11.1
XP_003663791.1,4.3.1.24
XP_003663792.1,1.1.1.252
XP_003663817.1,3.4.19.16
XP_003663820.1,1.1.1.2
XP_003663829.1,6.1.1.19
XP_003663833.1,2.3.2.27
XP_003663843.1,3.2.1.8
XP_003663845.1,3.4.17.1
XP_003663851.1,1.1.99.1
XP_003663858.1,5.4.99.12
XP_003663858.1,5.4.99.44
XP_003663863.1,3.1.1.23
XP_003663864.1,2.7.11.1
XP_003663866.1,1.3.1.105
XP_003663878.1,3.4.13.9
XP_003663881.1,3.4.13.9
XP_003663893.1,6.1.1.16
XP_003663898.1,4.2.1.146
XP_003663898.1,4.2.1.68
XP_003663904.1,3.1.3.4
XP_003663904.1,3.1.3.81
XP_003663905.1,3.4.25.1
XP_003663916.1,2.7.7.13
XP_003663918.1,3.2.1.177
XP_003663924.1,3.2.1.14
XP_003663930.1,3.4.19.5
XP_003663930.1,3.5.1.1
XP_003663938.1,4.2.1.1
XP_003663943.1,4.2.1.46
XP_003663954.1,1.6.99.1
XP_003663956.1,3.1.1.74
XP_003663971.1,2.1.1.137
XP_003663972.1,1.14.18.1
XP_003663975.1,2.7.11.22
XP_003663976.1,3.5.1.4
XP_003663976.1,4.2.99.18
XP_003663979.1,2.3.1.225
XP_003663984.1,4.2.2.2
XP_003663991.1,3.5.1.4
XP_003663995.1,2.1.1.201
XP_003663996.1,1.2.4.4
XP_003663999.1,2.3.2.26
XP_003664003.1,1.1.99.24
XP_003664004.1,1.8.1.2
XP_003664008.1,2.3.2.27
XP_003664009.1,1.6.5.3
XP_003664009.1,1.6.99.3
XP_003664010.1,1.13.11.1
XP_003664012.1,5.5.1.5
XP_003664013.1,3.1.3.7
XP_003664017.1,2.7.7.1
XP_003664017.1,2.7.7.18
XP_003664021.1,6.1.1.6
XP_003664026.1,3.4.19.12
XP_003664027.1,6.2.1.3
XP_003664046.1,1.8.4.12
XP_003664049.1,1.1.1.289
XP_003664050.1,2.7.11.1
XP_003664052.1,2.3.1.225
XP_003664053.1,2.4.2.28
XP_003664059.1,2.6.1.2
XP_003664061.1,2.1.1.56
XP_003664069.1,3.2.1.91
XP_003664070.1,3.2.2.23
XP_003664070.1,4.2.99.18
XP_003664074.1,1.1.1.3
XP_003664075.1,2.1.1.33
XP_003664090.1,1.2.4.4
XP_003664091.1,3.2.1.58
XP_003664094.1,2.7.1.26
XP_003664100.1,2.7.11.1
XP_003664106.1,4.1.99.12
XP_003664107.1,2.1.1.114
XP_003664107.1,2.1.1.222
XP_003664107.1,2.1.1.64
XP_003664113.1,2.3.3.10
XP_003664118.1,3.6.4.13
XP_003664119.1,3.2.1.113
XP_003664122.1,4.2.1.146
XP_003664122.1,4.2.1.68
XP_003664123.1,3.6.1.43
XP_003664123.1,5.4.99.28
XP_003664126.1,3.2.1.6
XP_003664127.1,2.7.11.1
XP_003664128.1,2.7.1.30
XP_003664129.1,2.7.7.13
XP_003664131.1,2.5.1.58
XP_003664134.1,2.3.2.27
XP_003664135.1,2.3.1.15
XP_003664135.1,2.3.1.42
XP_003664143.1,1.1.1.270
XP_003664152.1,4.1.3.16
XP_003664155.1,3.4.11.26
XP_003664158.1,2.1.2.11
XP_003664159.1,2.3.2.23
XP_003664166.1,1.14.99.54
XP_003664172.1,3.2.1.155
XP_003664175.1,3.4.11.18
XP_003664178.1,2.1.1.205
XP_003664179.1,3.6.4.13
XP_003664183.1,1.6.5.3
XP_003664183.1,1.6.99.3
XP_003664186.1,3.5.4.4
XP_003664203.1,2.7.11.1
XP_003664205.1,3.2.1.18
XP_003664206.1,3.1.3.1
XP_003664209.1,3.5.99.6
XP_003664211.1,2.7.1.1
XP_003664213.1,3.2.1.52
XP_003664214.1,3.5.1.25
XP_003664215.1,3.5.1.23
XP_003664218.1,1.7.1.4
XP_003664223.1,2.1.1.17
XP_003664223.1,2.1.1.71
XP_003664226.1,2.6.1.42
XP_003664229.1,3.6.3.8
XP_003664235.1,3.6.4.12
XP_003664249.1,1.5.5.1
XP_003664252.1,1.5.3.1
XP_003664252.1,1.5.3.7
XP_003664256.1,2.1.1.1
XP_003664265.1,3.1.13.4
XP_003664269.1,2.3.1.48
XP_003664272.1,4.2.1.1
XP_003664274.1,1.11.1.13
XP_003664280.1,2.3.1.16
XP_003664281.1,3.1.3.11
XP_003664294.1,2.3.2.26
XP_003664306.1,1.1.1.399
XP_003664306.1,1.1.1.95
XP_003664308.1,1.1.1.399
XP_003664308.1,1.1.1.95
XP_003664309.1,4.4.1.5
XP_003664315.1,1.1.1.169
XP_003664316.1,2.7.7.7
XP_003664322.1,3.2.1.58
XP_003664331.1,1.6.5.3
XP_003664331.1,1.6.99.3
XP_003664336.1,4.1.1.49
XP_003664350.1,1.13.11.5
XP_003664364.1,6.3.4.10
XP_003664364.1,6.3.4.11
XP_003664364.1,6.3.4.15
XP_003664364.1,6.3.4.9
XP_003664375.1,2.3.3.14
XP_003664380.1,3.1.26.4
XP_003664381.1,3.7.1.2
XP_003664385.1,3.1.4.37
XP_003664388.1,2.4.2.8
XP_003664396.1,2.5.1.54
XP_003664402.1,2.3.1.16
XP_003664404.1,1.10.3.3
XP_003664415.1,3.2.1.22
XP_003664426.1,2.7.7.19
XP_003664432.1,3.2.1.25
XP_003664434.1,2.3.2.23
XP_003664437.1,1.1.1.116
XP_003664440.1,3.4.11.10
XP_003664441.1,4.2.2.23
XP_003664443.1,3.2.1.59
XP_003664445.1,4.4.1.17
XP_003664454.1,2.7.11.1
XP_003664458.1,5.4.99.28
XP_003664462.1,4.3.2.3
XP_003664466.1,5.2.1.8
XP_003664471.1,1.1.1.42
XP_003664476.1,3.1.1.3
XP_003664481.1,1.3.1.71
XP_003664487.1,1.5.1.5
XP_003664487.1,3.5.4.9
XP_003664487.1,6.3.4.3
XP_003664490.1,2.7.7.15
XP_003664498.1,3.1.4.4
XP_003664500.1,1.6.5.3
XP_003664500.1,1.6.99.3
XP_003664506.1,2.3.2.26
XP_003664509.1,2.4.1.141
XP_003664511.1,1.2.1.3
XP_003664511.1,1.2.1.5
XP_003664511.1,1.2.1.82
XP_003664513.1,2.3.1.39
XP_003664516.1,3.6.4.7
XP_003664518.1,2.7.11.1
XP_003664525.1,3.2.1.91
XP_003664529.1,2.1.1.166
XP_003664529.1,2.1.1.168
XP_003664530.1,2.1.1.168
XP_003664534.1,2.3.1.26
XP_003664535.1,6.1.1.1
XP_003664539.1,2.7.7.6
XP_003664543.1,1.1.99.18
XP_003664565.1,3.2.1.8
XP_003664576.1,3.2.1.172
XP_003664577.1,4.1.3.27
XP_003664578.1,2.1.1.145
XP_003664583.1,1.1.1.31
XP_003664587.1,2.7.7.6
XP_003664596.1,1.14.14.5
XP_003664600.1,1.14.14.5
XP_003664602.1,3.5.4.4
XP_003664606.1,3.2.1.4
XP_003664610.1,1.13.11.52
XP_003664614.1,3.5.1.6
XP_003664620.1,4.2.1.90
XP_003664621.1,1.1.1.173
XP_003664621.1,1.1.1.377
XP_003664621.1,1.1.1.378
XP_003664628.1,1.14.18.1
XP_003664632.1,4.2.1.77
XP_003664634.1,3.6.4.13
XP_003664637.1,2.1.2.1
XP_003664680.1,3.2.1.23
XP_003664683.1,4.3.2.1
XP_003664689.1,3.4.19.12
XP_003664694.1,3.1.26.4
XP_003664698.1,3.6.4.13
XP_003664731.1,2.7.1.160
XP_003664735.1,1.13.12.16
XP_003664774.1,1.1.1.38
XP_003664775.1,3.2.1.132
XP_003664784.1,3.2.1.8
XP_003664800.1,3.6.1.55
XP_003664849.1,2.4.1.321
XP_003664853.1,3.1.1.1
XP_003664853.1,3.1.1.56
XP_003664853.1,3.1.1.84
XP_003664854.1,1.14.19.20
XP_003664855.1,5.1.3.3
XP_003664858.1,2.8.1.6
XP_003664860.1,1.15.1.1
XP_003664861.1,2.4.1.231
XP_003664862.1,2.1.1.45
XP_003664863.1,1.14.12.17
XP_003664863.1,2.7.11.22
XP_003664866.1,3.2.1.14
XP_003664874.1,2.7.1.36
XP_003664880.1,1.14.13.7
XP_003664882.1,3.1.1.94
XP_003664883.1,1.1.1.184
XP_003664883.1,1.1.1.189
XP_003664883.1,1.1.1.197
XP_003664892.1,2.3.1.24
XP_003664895.1,1.13.11.60
XP_003664895.1,1.13.11.62
XP_003664895.1,1.14.99.1
XP_003664895.1,5.4.4.6
XP_003664904.1,5.3.1.8
XP_003664909.1,4.2.2.2
XP_003664914.1,3.1.3.7
XP_003664931.1,2.1.1.14
XP_003664936.1,2.7.7.53
XP_003664942.1,3.5.1.26
XP_003664944.1,2.7.11.13
XP_003664945.1,2.4.1.15
XP_003664945.1,2.4.1.347
XP_003664948.1,3.2.1.139
XP_003664952.1,2.1.1.221
XP_003664953.1,1.8.3.5
XP_003664953.1,1.8.3.6
XP_003664957.1,6.5.1.1
XP_003664957.1,6.5.1.6
XP_003664957.1,6.5.1.7
XP_003664958.1,5.1.3.3
XP_003664968.1,2.7.7.7
XP_003664980.1,3.2.1.14
XP_003664982.1,2.7.11.17
XP_003664988.1,4.2.1.18
XP_003664992.1,1.1.1.100
XP_003664995.1,1.14.18.1
XP_003665016.1,1.14.13.22
XP_003665021.1,3.4.19.12
XP_003665041.1,3.6.4.13
XP_003665049.1,1.7.1.1
XP_003665049.1,1.7.1.2
XP_003665049.1,1.7.1.3
XP_003665049.1,1.8.3.1
XP_003665051.1,2.2.1.2
XP_003665052.1,2.5.1.141
XP_003665069.1,3.6.3.44
XP_003665073.1,3.1.1.73
XP_003665075.1,2.3.1.97
XP_003665077.1,3.1.1.23
XP_003665079.1,3.2.1.67
XP_003665090.1,2.7.1.40
XP_003665091.1,2.7.1.40
XP_003665097.1,3.4.11.18
XP_003665098.1,1.14.13.9
XP_003665102.1,4.2.1.1
XP_003665120.1,2.8.3.5
XP_003665131.1,1.11.1.15
XP_003665135.1,3.6.1.17
XP_003665138.1,2.4.1.34
XP_003665139.1,2.3.1.50
XP_003665140.1,2.8.3.5
XP_003665141.1,2.3.2.31
XP_003665160.1,4.1.1.15
XP_003665166.1,3.8.1.2
XP_003665170.1,4.1.2.22
XP_003665170.1,4.1.2.9
XP_003665181.1,6.1.1.22
XP_003665196.1,3.2.1.21
XP_003665200.1,1.14.99.54
XP_003665200.1,1.14.99.56
XP_003665204.1,2.7.11.17
XP_003665205.1,3.1.1.29
XP_003665206.1,3.1.1.29
XP_003665216.1,2.1.2.1
XP_003665223.1,3.1.3.48
XP_003665229.1,3.4.23.25
XP_003665234.1,5.4.2.12
XP_003665236.1,2.3.1.48
XP_003665237.1,2.1.1.37
XP_003665240.1,2.3.2.27
XP_003665248.1,3.2.1.113
XP_003665249.1,2.7.11.25
XP_003665253.1,3.4.19.12
XP_003665258.1,2.3.2.23
XP_003665259.1,1.3.8.6
XP_003665262.1,2.7.1.68
XP_003665263.1,3.5.2.5
XP_003665265.1,2.5.1.82
XP_003665265.1,2.5.1.83
XP_003665268.1,4.1.1.65
XP_003665275.1,1.4.3.21
XP_003665279.1,6.3.5.6
XP_003665279.1,6.3.5.7
XP_003665281.1,3.4.23.34
XP_003665287.1,2.7.11.1
XP_003665298.1,1.1.99.1
XP_003665303.1,3.6.4.12
XP_003665307.1,6.3.4.2
XP_003665309.1,1.14.14.23
XP_003665313.1,1.14.14.23
XP_003665319.1,2.7.11.1
XP_003665319.1,2.7.12.1
XP_003665327.1,2.7.11.1
XP_003665328.1,2.3.2.27
XP_003665335.1,1.14.19.22
XP_003665335.1,1.14.19.6
XP_003665341.1,3.2.1.101
XP_003665345.1,2.5.1.59
XP_003665346.1,3.5.1.16
XP_003665347.1,5.3.1.23
XP_003665352.1,1.8.3.2
XP_003665353.1,3.4.25.1
XP_003665361.1,2.3.1.51
XP_003665361.1,3.1.1.13
XP_003665361.1,3.1.1.3
XP_003665361.1,3.1.1.4
XP_003665372.1,2.3.1.257
XP_003665377.1,2.7.7.3
XP_003665384.1,2.5.1.21
XP_003665388.1,1.6.2.2
XP_003665397.1,1.1.1.24
XP_003665398.1,1.13.11.27
XP_003665399.1,4.2.1.10
XP_003665400.1,3.1.3.25
XP_003665402.1,3.2.1.14
XP_003665404.1,2.8.1.1
XP_003665404.1,2.8.1.2
XP_003665410.1,2.7.7.7
XP_003665411.1,5.2.1.8
XP_003665416.1,4.3.1.19
XP_003665418.1,2.3.1.61
XP_003665425.1,2.3.2.27
XP_003665426.1,2.5.1.48
XP_003665428.1,2.1.1.260
XP_003665435.1,3.6.1.3
XP_003665438.1,2.3.1.158
XP_003665439.1,2.3.1.256
XP_003665441.1,3.1.1.97
XP_003665446.1,2.7.11.24
XP_003665448.1,4.2.1.75
XP_003665449.1,1.8.3.2
XP_003665450.1,4.1.1.1
XP_003665454.1,3.6.4.13
XP_003665459.1,1.8.1.4
XP_003665460.1,1.14.19.18
XP_003665473.1,4.2.1.3
XP_003665479.1,3.4.19.12
XP_003665483.1,6.1.1.3
XP_003665484.1,2.7.8.8
XP_003665485.1,3.4.19.12
XP_003665498.1,3.5.1.49
XP_003665512.1,3.5.3.1
XP_003665534.1,3.6.4.13
XP_003665535.1,2.7.11.1
XP_003665538.1,3.1.3.16
XP_003665539.1,2.4.1.173
XP_003665543.1,5.4.3.8
XP_003665555.1,3.2.1.165
XP_003665567.1,1.8.5.8
XP_003665583.1,1.1.99.1
XP_003665593.1,1.1.1.300
XP_003665594.1,1.14.18.1
XP_003665604.1,2.1.1.77
XP_003665614.1,2.5.1.48
XP_003665615.1,1.6.5.3
XP_003665615.1,1.6.99.3
XP_003665616.1,2.4.1.15
XP_003665616.1,3.1.3.12
XP_003665622.1,4.4.1.5
XP_003665630.1,3.2.1.8
XP_003665631.1,3.2.1.8
XP_003665638.1,3.6.3.7
XP_003665657.1,4.1.2.53
XP_003665660.1,5.3.3.5
XP_003665679.1,3.6.3.8
XP_003665685.1,1.6.5.3
XP_003665685.1,1.6.99.3
XP_003665688.1,2.4.1.212
XP_003665691.1,4.1.1.2
XP_003665702.1,3.2.1.8
XP_003665705.1,3.1.1.72
XP_003665707.1,4.1.2.22
XP_003665707.1,4.1.2.9
XP_003665717.1,1.6.5.5
XP_003665718.1,1.13.11.4
XP_003665722.1,3.2.1.21
XP_003665723.1,3.2.1.177
XP_003665730.1,3.1.3.16
XP_003665730.1,3.1.3.48
XP_003665735.1,3.1.4.46
XP_003665754.1,2.8.3.13
XP_003665756.1,1.1.1.169
XP_003665756.1,1.14.14.17
XP_003665764.1,2.4.1.16
XP_003665765.1,1.8.1.2
XP_003665775.1,1.6.99.3
XP_003665776.1,3.2.1.37
XP_003665777.1,3.2.1.151
XP_003665778.1,2.7.1.48
XP_003665784.1,2.1.1.79
XP_003665786.1,2.3.1.48
XP_003665787.1,3.6.4.12
XP_003665791.1,2.3.2.27
XP_003665798.1,2.7.11.24
XP_003665799.1,2.4.1.1
XP_003665814.1,2.7.1.31
XP_003665820.1,3.1.1.73
XP_003665829.1,1.1.1.14
XP_003665842.1,3.6.1.59
XP_003665855.1,3.1.3.2
XP_003665857.1,3.1.3.25
XP_003665867.1,3.1.3.8
XP_003665870.1,4.2.99.18
XP_003665871.1,3.1.4.4
XP_003665873.1,5.3.4.1
XP_003665883.1,6.3.3.2
XP_003665886.1,2.1.1.215
XP_003665886.1,2.1.1.216
XP_003665901.1,2.5.1.15
XP_003665901.1,2.7.6.3
XP_003665901.1,4.1.2.25
XP_003665907.1,3.2.1.101
XP_003665908.1,2.6.1.9
XP_003665913.1,5.99.1.3
XP_003665921.1,2.7.8.7
XP_003665922.1,2.7.8.7
XP_003665925.1,3.1.3.15
XP_003665937.1,2.3.1.31
XP_003665942.1,3.5.1.98
XP_003665945.1,2.4.2.29
XP_003665948.1,3.1.3.16
XP_003665953.1,2.3.1.86
XP_003665954.1,2.3.1.86
XP_003665955.1,3.5.4.3
XP_003665962.1,2.7.11.1
XP_003665968.1,1.6.5.5
XP_003665969.1,5.1.3.2
XP_003665969.1,5.1.3.3
XP_003665971.1,3.6.4.13
XP_003665977.1,2.4.1.256
XP_003665992.1,3.6.3.8
XP_003665994.1,1.1.1.17
XP_003665997.1,3.1.3.48
XP_003666006.1,3.1.1.47
XP_003666007.1,3.1.1.11
XP_003666010.1,1.14.18.1
XP_003666015.1,2.7.2.3
XP_003666020.1,1.3.5.2
XP_003666020.1,1.3.98.1
XP_003666022.1,2.3.1.7
XP_003666030.1,2.5.1.39
XP_003666036.1,3.1.2.22
XP_003666037.1,1.1.1.101
XP_003666048.1,1.14.19.1
XP_003666048.1,2.3.2.27
XP_003666049.1,1.4.3.1
XP_003666049.1,1.4.3.3
XP_003666050.1,2.4.1.258
XP_003666060.1,4.3.3.6
XP_003666061.1,4.3.3.6
XP_003666069.1,3.1.11.7
XP_003666069.1,3.1.11.8
XP_003666069.1,3.1.12.2
XP_003666080.1,3.1.3.16
XP_003666083.1,1.1.1.31
XP_003666092.1,2.3.2.31
XP_003666104.1,3.5.1.4
XP_003666114.1,3.4.24.37
XP_003666120.1,2.1.1.233
XP_003666122.1,2.7.11.22
XP_003666123.1,6.3.5.2
XP_003666126.1,2.5.1.18
XP_003666135.1,1.10.2.2
XP_003666140.1,4.2.1.130
XP_003666142.1,3.2.1.78
XP_003666147.1,1.6.99.1
XP_003666153.1,4.2.1.69
XP_003666156.1,1.1.1.330
XP_003666156.1,1.1.1.62
XP_003666158.1,2.7.7.12
XP_003666162.1,2.3.2.27
XP_003666166.1,2.4.1.259
XP_003666166.1,2.4.1.261
XP_003666170.1,6.1.1.15
XP_003666173.1,3.6.4.7
XP_003666174.1,3.4.11.10
XP_003666187.1,3.2.1.21
XP_003666195.1,3.6.4.13
XP_003666199.1,1.1.1.156
XP_003666202.1,3.4.21.89
XP_003666206.1,3.4.21.89
XP_003666215.1,3.6.1.3
XP_003666215.1,3.6.3.1
XP_003666217.1,3.4.17.21
XP_003666258.1,2.7.11.1
XP_003666269.1,2.7.4.8
XP_003666275.1,6.3.1.2
XP_003666277.1,3.6.4.13
XP_003666280.1,2.7.1.140
XP_003666280.1,2.7.1.151
XP_003666280.1,2.7.1.78
XP_003666281.1,2.7.1.78
XP_003666284.1,3.4.19.16
XP_003666284.1,6.3.5.2
XP_003666285.1,3.6.1.11
XP_003666287.1,2.7.7.6
XP_003666292.1,3.2.1.113
XP_003666302.1,3.1.3.37
XP_003666304.1,3.4.19.12
XP_003666310.1,2.4.1.109
XP_003666316.1,1.1.1.156
XP_003666316.1,1.1.1.365
XP_003666317.1,1.1.1.14
XP_003666318.1,1.1.1.127
XP_003666320.1,2.3.1.4
XP_003666352.1,2.5.1.18
XP_003666369.1,2.5.1.18
XP_003666371.1,1.1.3.13
XP_003666377.1,4.1.3.1
XP_003666380.1,3.1.1.17
XP_003666395.1,1.4.3.21
XP_003666398.1,3.1.1.86
XP_003666399.1,2.3.1.24
XP_003666408.1,2.3.3.1
XP_003666409.1,6.3.1.2
XP_003666414.1,2.7.9.2
XP_003666415.1,1.1.1.27
XP_003666422.1,1.4.4.2
XP_003666436.1,3.2.1.14
XP_003666447.1,3.1.1.11
XP_003666448.1,4.2.2.2
XP_003666454.1,3.2.1.58
XP_003666456.1,3.1.26.5
XP_003666460.1,1.5.1.3
XP_003666470.1,3.2.1.59
XP_003666474.1,5.1.99.6
XP_003666485.1,1.14.13.1
XP_003666486.1,1.14.13.1
XP_003666491.1,3.2.1.21
XP_003666495.1,2.7.4.8
XP_003666496.1,3.5.1.10
XP_003666501.1,2.7.11.13
XP_003666503.1,2.7.7.48
XP_003666505.1,2.3.1.9
XP_003666507.1,3.2.1.91
XP_003666508.1,1.1.99.1
XP_003666529.1,3.1.3.7
XP_003666533.1,3.1.3.48
XP_003666542.1,2.7.7.1
XP_003666548.1,1.1.99.18
XP_003666555.1,3.5.4.3
XP_003666559.1,2.7.1.172
XP_003666561.1,3.1.26.4
XP_003666566.1,3.1.1.45
XP_003666568.1,6.1.1.11
XP_003666575.1,6.1.1.5
XP_003666579.1,2.7.11.1
XP_003666580.1,2.7.11.1
XP_003666607.1,2.7.4.21
XP_003666617.1,1.17.4.1
XP_003666619.1,2.7.11.1
XP_003666619.1,2.7.11.17
XP_003666620.1,2.4.1.132
XP_003666620.1,2.4.1.257
XP_003666623.1,1.14.18.6
XP_003666625.1,3.1.3.16
XP_003666625.1,3.1.3.43
XP_003666633.1,2.4.2.10
XP_003666633.1,4.1.1.23
XP_003666634.1,2.7.8.11
XP_003666639.1,3.1.3.84
XP_003666649.1,2.5.1.87
XP_003666650.1,2.5.1.87
XP_003666663.1,3.1.3.16
XP_003666663.1,3.1.3.48
XP_003666664.1,4.2.3.1
XP_003666665.1,3.1.3.16
XP_003666670.1,1.2.1.3
XP_003666670.1,1.2.1.5
XP_003666675.1,3.6.4.13
XP_003666676.1,2.7.1.174
XP_003666682.1,3.6.4.6
XP_003666700.1,2.5.1.114
XP_003666710.1,2.1.1.63
XP_003666717.1,2.6.1.7
XP_003666720.1,3.6.4.13
XP_003666721.1,1.3.1.93
XP_003666724.1,3.6.4.12
XP_003666726.1,1.8.1.7
XP_003666730.1,2.4.1.141
XP_003666734.1,2.3.1.176
XP_003666737.1,1.17.1.4
XP_003666737.1,1.17.3.2
XP_003666740.1,2.3.2.27
XP_003666741.1,1.1.1.283
XP_003666744.1,1.3.1.22
XP_003666744.1,3.6.4.12
XP_003666748.1,3.1.3.48
XP_003666760.1,6.2.1.45
XP_003666761.1,1.1.1.100
XP_003666767.1,2.7.11.1
XP_003666772.1,2.3.2.27
XP_003666783.1,2.5.1.60
XP_003666784.1,6.3.4.19
XP_003666797.1,2.5.1.39
XP_003666799.1,2.7.4.3
XP_003666805.1,1.3.3.3
XP_003666816.1,1.2.1.12
XP_003666818.1,3.5.1.98
XP_003666826.1,3.1.1.29
XP_003666828.1,3.2.1.3
XP_003666829.1,2.7.1.173
XP_003666829.1,2.7.1.22
XP_003666834.1,2.7.7.7
XP_003666843.1,2.6.1.44
XP_003666843.1,2.6.1.45
XP_003666843.1,2.6.1.51
XP_003666845.1,2.3.2.26
XP_003666868.1,3.6.4.13
XP_003666875.1,5.2.1.8
XP_003666879.1,2.7.13.3
XP_003666885.1,1.13.11.27
XP_003666891.1,3.5.3.4
XP_003666891.1,4.3.2.3
XP_003666902.1,2.3.2.23
XP_003666904.1,3.6.1.52
XP_003666905.1,2.3.2.8
XP_003666925.1,5.4.99.45
XP_003666928.1,2.7.6.1
XP_003666939.1,2.7.7.6
XP_003666943.1,2.3.1.7
XP_003666955.1,6.2.1.4
XP_003666955.1,6.2.1.5
XP_003666959.1,2.3.2.26
XP_003666961.1,2.5.1.108
XP_003666963.1,5.1.3.3
XP_003666965.1,5.2.1.8
XP_003666967.1,5.2.1.8
XP_003666978.1,2.3.2.2
XP_003666978.1,3.4.19.13
XP_003666984.1,6.2.1.1
XP_003667009.1,3.1.3.43
XP_003667011.1,1.6.5.3
XP_003667011.1,1.6.99.3
XP_003667016.1,3.1.26.3
XP_003667020.1,1.1.1.358
XP_003667036.1,3.6.4.12
XP_003667044.1,3.1.1.72
XP_003667045.1,2.4.1.18
XP_003667045.1,3.6.3.14
XP_003667046.1,2.4.1.18
XP_003667049.1,1.2.4.2
XP_003667054.1,1.1.5.3
XP_003667059.1,2.1.1.290
XP_003667059.1,2.3.1.231
XP_003667067.1,2.1.1.320
XP_003667068.1,3.6.4.13
XP_003667072.1,2.7.11.1
XP_003667072.1,2.7.11.22
XP_003667073.1,2.7.11.1
XP_003667073.1,2.7.12.1
XP_003667076.1,3.6.4.12
XP_003667079.1,2.7.7.6
XP_003667080.1,2.5.1.18
XP_003667087.1,1.1.1.25
XP_003667087.1,2.5.1.19
XP_003667087.1,2.7.1.71
XP_003667087.1,4.2.1.10
XP_003667087.1,4.2.3.4
XP_003667092.1,2.1.1.319
XP_003667093.1,2.1.1.319
XP_003667096.1,2.1.3.3
XP_003667097.1,2.2.1.6
XP_003667109.1,2.4.1.109
XP_003667114.1,2.5.1.47
XP_003667114.1,2.5.1.49
XP_003667116.1,6.2.1.3
XP_003667119.1,2.3.3.1
XP_003667122.1,3.6.3.6
XP_003667134.1,2.1.1.229
XP_003667141.1,2.7.1.105
XP_003667152.1,1.4.1.13
XP_003667152.1,1.4.1.14
XP_003667167.1,3.4.23.25
XP_003667167.1,3.4.23.5
XP_003667179.1,2.7.11.1
XP_003667186.1,3.4.25.1
XP_003667189.1,4.1.2.27
XP_003667190.1,2.7.11.2
XP_003667204.1,6.3.4.5
XP_003667205.1,6.1.1.20
XP_003667211.1,2.3.3.8
XP_003667212.1,2.3.3.8
XP_003667216.1,3.1.1.29
XP_003667218.1,2.1.1.35
XP_003667219.1,2.4.1.131
XP_003667235.1,2.6.1.11
XP_003667236.1,2.7.7.6
XP_003667242.1,2.5.1.46
XP_003667243.1,4.1.3.4
XP_003667253.1,3.1.1.72
XP_003667256.1,1.14.18.1
XP_003667262.1,3.5.5.1
XP_003667266.1,4.2.3.5
XP_003667267.1,3.2.1.17
XP_003667276.1,1.16.3.1
XP_003667279.1,6.1.1.4
XP_003667293.1,2.4.1.198
XP_003667294.1,3.6.4.13
XP_003667298.1,3.1.1.5
XP_003667299.1,3.2.1.8
XP_003667308.1,2.7.11.1
XP_003667319.1,3.1.2.1
XP_003667324.1,4.2.99.18
XP_003667355.1,3.6.1.1
XP_003667356.1,3.2.1.99
XP_003667369.1,3.2.1.22
XP_003667383.1,3.2.1.113
XP_003667390.1,6.3.4.4
XP_003667394.1,2.7.1.105
XP_003667394.1,3.1.3.46
XP_003667396.1,3.6.4.13
XP_003667399.1,4.2.1.20
XP_003667402.1,2.6.1.1
XP_003667403.1,1.1.1.2
XP_003667406.1,3.2.1.78
XP_003667407.1,1.14.99.55
